id,composition,target,pred_0,pred_1,pred_2,pred_3,pred_4,pred_5,pred_6,pred_7,pred_8,pred_9
0,Li2Zn2S1,0.0,-0.503801167011261,-0.5042373538017273,-0.4640713930130005,-0.4589077830314636,-0.7065587043762207,-0.6293120980262756,-0.5512643456459045,-0.666638970375061,-0.4941191077232361,0.27919280529022217
1,Na1Li6S4,0.0,-1.4072856903076172,-1.3616678714752197,-1.396600365638733,-1.4075260162353516,-1.364363670349121,-1.4366443157196045,-1.4087656736373901,-1.1827131509780884,-1.2826473712921143,-1.3672846555709839
2,Li17Se6S5,0.0,-1.263875126838684,-1.4376827478408813,-1.2892322540283203,-1.4187904596328735,-1.485011100769043,-1.5082067251205444,-1.5173273086547852,-1.3810462951660156,-1.4652912616729736,-1.415749192237854
3,Li1Se2S1,0.0,-0.6566178798675537,-0.7156171798706055,-0.7320866584777832,-0.8022662401199341,-0.7648798823356628,-0.7425290942192078,-0.7034819722175598,-0.7077988982200623,-0.7949742674827576,-0.5539022088050842
4,Li2C19S15,0.0,0.15066778659820557,0.373052716255188,0.08384168148040771,0.1788567304611206,0.19578707218170166,0.08277320861816406,0.5093507766723633,-0.0629042387008667,0.1914513111114502,0.13281714916229248
5,Na5Li1S2,0.0,-0.9397835731506348,-1.0662964582443237,-0.9511335492134094,-0.9380145072937012,-1.0257415771484375,-0.8836901783943176,-1.0344679355621338,-1.0591508150100708,-0.8607279062271118,-0.9216039180755615
6,Li3Hg8S5,0.0,-0.4155820608139038,-0.49673765897750854,-0.3551448583602905,-0.45938700437545776,-0.5235029458999634,-0.3933544158935547,-0.5577917695045471,-0.5033003687858582,-0.3785768747329712,0.1291053295135498
7,Li2Mg6S1,0.0,-0.2719757556915283,-0.29633283615112305,-0.22346365451812744,-0.2932668924331665,-0.31399309635162354,-0.302471399307251,-0.07538676261901855,-0.3378487825393677,-0.27466845512390137,-0.13730597496032715
8,Sr6Li2S1,0.0,-0.20228028297424316,-0.337746262550354,-0.2634854316711426,-0.3130098581314087,-0.4894448518753052,-0.39523744583129883,-0.29185760021209717,-0.2976560592651367,-0.2362074851989746,-0.3379784822463989
9,Li2Pb6S1,0.0,-0.2919372320175171,-0.2109394073486328,-0.15160751342773438,-0.2698136568069458,-0.3273071050643921,-0.31979048252105713,-0.25235629081726074,-0.2952287197113037,-0.21127653121948242,-0.25543105602264404
10,Li1P2S1,0.0,-0.6080318689346313,-0.5444168448448181,-0.5380363464355469,-0.6783655285835266,-0.649681031703949,-0.7727411389350891,-0.6111895442008972,-0.673309862613678,-0.579129159450531,-0.5514976382255554
11,Li7S5,0.0,-1.3605581521987915,-1.384177803993225,-1.3020539283752441,-1.3914979696273804,-1.365905523300171,-1.290000081062317,-1.3110257387161255,-1.2226587533950806,-1.3219563961029053,-1.260308861732483
12,Li2Si19S15,0.0,-0.6499921083450317,-0.5930966138839722,-0.592171311378479,-0.7363830804824829,-0.8175156712532043,-0.7023166418075562,-0.6863659024238586,-0.6550890207290649,-0.518710732460022,-0.5839200019836426
13,Li17Mg5S6,0.0,-0.7839558124542236,-0.9313273429870605,-0.767004668712616,-0.9597898721694946,-0.8536822199821472,-0.8270105123519897,-0.7977915406227112,-0.9943487644195557,-0.953331470489502,-0.7240110039710999
14,Li1C5S2,0.0,0.019037485122680664,0.3381235599517822,0.1774970293045044,0.30518507957458496,0.023871183395385742,-0.10916948318481445,0.23490726947784424,0.13133513927459717,0.030658721923828125,0.050053954124450684
15,Li6Pb1S4,0.0,-1.3261889219284058,-1.3405234813690186,-1.4046380519866943,-1.3821545839309692,-1.3997761011123657,-1.3725239038467407,-1.378037929534912,-1.3191629648208618,-1.315723180770874,-1.317122459411621
16,Li1Ga1S2,0.0,-1.2387962341308594,-1.27482271194458,-1.2776633501052856,-1.310991644859314,-1.300360918045044,-1.2859001159667969,-1.3092037439346313,-1.243833065032959,-1.2779734134674072,-1.2957826852798462
17,Li1Hg5S2,0.0,-0.236655592918396,-0.2837991714477539,-0.11546552181243896,-0.3110750913619995,-0.3532179594039917,-0.15982484817504883,-0.2931697368621826,-0.30822432041168213,-0.048168182373046875,0.21497070789337158
18,Li6In1S4,0.0,-1.3485246896743774,-1.3178739547729492,-1.3513972759246826,-1.362410545349121,-1.3569695949554443,-1.3838998079299927,-1.3850594758987427,-1.3377903699874878,-1.2951586246490479,-1.314697027206421
19,Li1S2,0.0,-0.8198261260986328,-0.8496997952461243,-0.93805992603302,-0.9515019655227661,-1.0241944789886475,-0.9419255256652832,-0.8103145360946655,-0.8442991971969604,-0.9079512357711792,-0.9319316148757935
20,Ba1Li2S2,0.0,-1.793681263923645,-1.8726986646652222,-1.9121861457824707,-1.8491233587265015,-1.8424221277236938,-1.854807734489441,-1.8052483797073364,-1.7543474435806274,-1.845465064048767,-1.8430501222610474
21,Li6Zn1S4,0.0,-1.403701663017273,-1.4102741479873657,-1.4205728769302368,-1.4523087739944458,-1.4987399578094482,-1.4565094709396362,-1.4413299560546875,-1.4054813385009766,-1.3813868761062622,-1.3705371618270874
22,Li17Se5S6,0.0,-1.2736217975616455,-1.4674936532974243,-1.3401005268096924,-1.4290008544921875,-1.4979004859924316,-1.51016104221344,-1.5123670101165771,-1.3897814750671387,-1.4694528579711914,-1.4227060079574585
23,Li2In15S19,0.0,-0.8714922666549683,-0.8946495652198792,-0.9201858043670654,-0.968127965927124,-0.9845899343490601,-0.7649672031402588,-0.9087214469909668,-0.8214404582977295,-0.9076672792434692,-0.8978942036628723
24,Li6Sn1S4,0.0,-1.2857764959335327,-1.2815306186676025,-1.324110746383667,-1.3158706426620483,-1.2954707145690918,-1.309470772743225,-1.331302285194397,-1.3032276630401611,-1.2738689184188843,-1.2487719058990479
25,Li1Se5S2,0.0,-0.4388297200202942,-0.32836437225341797,-0.4832804203033447,-0.5988274216651917,-0.5328778028488159,-0.48548054695129395,-0.48062461614608765,-0.46412527561187744,-0.5086262226104736,-0.2587796449661255
26,Li1S5N2,0.0,-0.29219114780426025,-0.2052316665649414,-0.3794625997543335,-0.23752880096435547,-0.24066555500030518,-0.2995067834854126,0.347733736038208,-0.37659597396850586,-0.2589608430862427,-0.27449023723602295
27,Li2Sn1S6,0.0,-0.8181039690971375,-0.840800940990448,-0.8620752692222595,-0.9309402704238892,-0.8518509268760681,-0.8959242105484009,-0.8323758244514465,-0.7844091653823853,-0.7891228795051575,-0.8374679088592529
28,Li2Ca2S1,0.0,-0.6272469758987427,-0.8437581658363342,-0.6859381198883057,-0.8768186569213867,-1.0541799068450928,-0.7445241212844849,-0.7379149198532104,-0.9085714817047119,-0.9097020626068115,-0.7557435035705566
29,Li2Zn19S15,0.0,-0.9760774374008179,-0.951379120349884,-0.9599603414535522,-1.0104173421859741,-1.0551289319992065,-0.7991039156913757,-0.8563423752784729,-0.9917657971382141,-0.9537397027015686,-0.9475753307342529
30,Li17Cd6S5,0.0,-0.5954558849334717,-0.7017213702201843,-0.6660605669021606,-0.7993277311325073,-0.7423712611198425,-0.7425747513771057,-0.6696030497550964,-0.7532349228858948,-0.6605435013771057,-0.10605502128601074
31,Li6Mg4S1,0.0,-0.2312396764755249,-0.29816508293151855,-0.28883612155914307,-0.42408597469329834,-0.39397096633911133,-0.33667421340942383,-0.18768072128295898,-0.3495427370071411,-0.2991293668746948,-0.1938314437866211
32,Li2S19I15,0.0,-0.36109673976898193,-0.16218960285186768,-0.40631330013275146,-0.2656146287918091,-0.3804861307144165,-0.24058687686920166,-0.0869828462600708,-0.4217790365219116,-0.1754540205001831,-0.2503952980041504
33,Li1Al5S2,0.0,-0.6408233642578125,-0.504967451095581,-0.5212939381599426,-0.7496927380561829,-0.7268345952033997,-0.5506515502929688,-0.6282055377960205,-0.716427206993103,-0.27271175384521484,-0.40743815898895264
34,Li17B5S6,0.0,-0.5064127445220947,-0.7696487903594971,-0.4173501133918762,-0.757226288318634,-0.7269431948661804,-0.5200962424278259,-0.5845531225204468,-0.7341011762619019,0.09338414669036865,-0.5415828227996826
35,Sr1Li6S4,0.0,-1.6633398532867432,-1.7210805416107178,-1.7115075588226318,-1.6763436794281006,-1.7828946113586426,-1.6703081130981445,-1.6703166961669922,-1.5565860271453857,-1.6608086824417114,-1.6736958026885986
36,Li2Si2S1,0.0,-0.42882949113845825,-0.5079363584518433,-0.5088358521461487,-0.6180866956710815,-0.6401925683021545,-0.5901550054550171,-0.5855280160903931,-0.603191614151001,-0.6833073496818542,-0.4279974699020386
37,Li2Ga15S19,0.0,-1.0122233629226685,-1.0924690961837769,-1.0670307874679565,-1.1945080757141113,-1.1447988748550415,-0.9731853008270264,-1.1052989959716797,-0.9787185192108154,-1.0480046272277832,-1.1063356399536133
38,Li1S1,0.0,-1.1171274185180664,-1.1454925537109375,-1.1741199493408203,-1.259556531906128,-1.2311142683029175,-1.2255187034606934,-1.1427679061889648,-1.1168702840805054,-1.0985193252563477,-1.133421778678894
39,Sr2Li1S1,0.0,-0.94468092918396,-1.0129139423370361,-0.8434186577796936,-0.9369515776634216,-1.0995161533355713,-0.90865558385849,-0.8738218545913696,-1.0845882892608643,-1.0190579891204834,-0.8173336386680603
40,Li6Pb4S1,0.0,-0.43398624658584595,-0.40197765827178955,-0.4355085492134094,-0.47643667459487915,-0.531294047832489,-0.5341200828552246,-0.4350721836090088,-0.5141549706459045,-0.48238396644592285,-0.4795541763305664
41,Li2Mg15S19,0.0,-1.2843151092529297,-1.391385555267334,-1.4535866975784302,-1.3256014585494995,-1.402923345565796,-0.34107768535614014,-1.494956374168396,-1.2554582357406616,-1.3773345947265625,-1.4859240055084229
42,Li6As4S1,0.0,-0.6459908485412598,-0.6178587675094604,-0.6050648093223572,-0.653181254863739,-0.7012159824371338,-0.7247380018234253,-0.7052273154258728,-0.7169886231422424,-0.661629319190979,-0.617854654788971
43,Li3S13,0.0,-0.5544905066490173,-0.5474382042884827,-0.6439797282218933,-0.6232486367225647,-0.5825684070587158,-0.6187591552734375,-0.6096521019935608,-0.5581327676773071,-0.5478377342224121,-0.6670293211936951
44,Li1Cd1S2,0.0,-0.9796607494354248,-0.94073486328125,-0.8969786167144775,-1.0406498908996582,-1.0233359336853027,-0.97725510597229,-0.9728719592094421,-0.8868463039398193,-0.9786306619644165,-0.9753099083900452
45,Li2Si1S6,0.0,-0.8902233242988586,-0.9701927900314331,-0.9427160024642944,-1.0286047458648682,-1.0362393856048584,-0.9619678258895874,-0.9175702333450317,-0.7970148921012878,-0.9379817247390747,-0.9446078538894653
46,Na6Li17S5,0.0,-0.4555927515029907,-0.7217301726341248,-0.5839210152626038,-0.5804497003555298,-0.7370738983154297,-0.774652898311615,-0.5426012873649597,-0.8309611082077026,-0.35256874561309814,-0.5103261470794678
47,Li3Cd5S8,0.0,-0.9506670236587524,-0.8956798315048218,-0.853033721446991,-1.017063856124878,-1.0182271003723145,-0.9980971217155457,-0.9244418144226074,-0.8673535585403442,-0.9618269205093384,-0.9528763294219971
48,Li1Ge5S2,0.0,-0.4432224631309509,-0.2749311923980713,-0.24166905879974365,-0.4068412780761719,-0.4802568554878235,-0.36109232902526855,-0.3382197618484497,-0.3493560552597046,-0.3015822172164917,-0.334464430809021
49,Li6S4O1,0.0,-1.2283304929733276,-1.2867344617843628,-1.2742655277252197,-1.351465106010437,-1.1968294382095337,-0.29328370094299316,-1.2938816547393799,-1.2799906730651855,-0.42285943031311035,-1.1750080585479736
50,Li2Te2S1,0.0,-0.7488267421722412,-0.8882266879081726,-0.8309509754180908,-1.0047599077224731,-1.0084854364395142,-0.9749908447265625,-1.0187339782714844,-0.8502166271209717,-0.9584290385246277,-0.8759222626686096
51,Li2S15N19,0.0,0.15062284469604492,0.09075307846069336,0.07187652587890625,0.02648341655731201,0.08792471885681152,0.06539571285247803,0.2367483377456665,-0.03866457939147949,0.0730750560760498,0.1429901123046875
52,Li2Se1S6,0.0,-0.7485793232917786,-0.8269783854484558,-0.7109870910644531,-0.8913143277168274,-0.685944139957428,-0.8399157524108887,-0.7996612191200256,-0.793752133846283,-0.7627055644989014,-0.803043007850647
53,Li1S2O5,0.0,-1.611933708190918,-1.838234543800354,-1.7753775119781494,-1.8847248554229736,-1.7518653869628906,-1.8835009336471558,-1.8747892379760742,-1.7980393171310425,-1.8537319898605347,-1.817080020904541
54,Li1Te1S2,0.0,-0.6981506943702698,-0.7463110685348511,-0.7989345788955688,-0.7313600182533264,-0.6954879760742188,-0.7822412848472595,-0.7346400618553162,-0.7428727149963379,-0.7343835234642029,-0.6992038488388062
55,Li1S2Cl1,0.0,-0.9462767839431763,-1.0160293579101562,-1.0259108543395996,-1.0599887371063232,-1.1485346555709839,-1.2113981246948242,-0.9540623426437378,-1.0657013654708862,-1.0266788005828857,-1.0455889701843262
56,Li1S5F2,0.0,-0.913151741027832,-1.0598844289779663,-1.1697922945022583,-1.2057327032089233,-1.149078130722046,-1.281261682510376,-0.41893821954727173,-1.1150524616241455,-1.1152117252349854,-1.0615816116333008
57,Li1Cd5S2,0.0,-0.35327160358428955,-0.3948630094528198,-0.32836437225341797,-0.4083242416381836,-0.5134139060974121,-0.18610608577728271,-0.40219664573669434,-0.5513812899589539,-0.306734561920166,-0.3147038221359253
58,Li23S5,0.0,-0.6462544202804565,-0.7073897123336792,-0.912526547908783,-0.5416119694709778,-0.8702830672264099,-0.7402269244194031,-0.7815234661102295,-0.6850553750991821,-0.8567200899124146,-0.7888572216033936
59,Li2Se6S1,0.0,-0.6616942882537842,-0.7145588397979736,-0.7305295467376709,-0.7744084596633911,-0.741949737071991,-0.7391539216041565,-0.714743971824646,-0.6809790730476379,-0.741507351398468,-0.602824866771698
60,Li3S1,0.0,-1.1810168027877808,-1.173907995223999,-1.2912055253982544,-1.060928463935852,-1.354735255241394,-1.2069542407989502,-1.159303069114685,-1.173898696899414,-1.4003435373306274,-1.251294493675232
61,Li2C15S19,0.0,-0.15687143802642822,0.1567162275314331,-0.0413433313369751,-0.163773775100708,-0.06436550617218018,0.08924257755279541,0.383455753326416,-0.08597540855407715,-0.08074367046356201,0.3069115877151489
62,Li1S2I5,0.0,-0.23688256740570068,-0.34430134296417236,-0.234427809715271,-0.18242156505584717,-0.43494129180908203,-0.2857809066772461,0.0042226314544677734,-0.39509451389312744,-0.2363957166671753,-0.10204589366912842
63,Li2P1S2,0.0,-1.0160471200942993,-1.0862698554992676,-1.0657378435134888,-1.0763856172561646,-1.091363549232483,-1.1342673301696777,-1.0688505172729492,-1.049506425857544,-1.1103672981262207,-1.114393949508667
64,Li6S4F1,0.0,-1.4757994413375854,-1.550344467163086,-1.2761104106903076,-0.9968620538711548,-1.6639378070831299,-1.4200035333633423,-1.6170711517333984,-1.1369491815567017,-1.60403573513031,-1.6056500673294067
65,Li2Zn1S6,0.0,-0.7463483214378357,-0.7222194075584412,-0.7700954675674438,-0.7998770475387573,-0.8495341539382935,-0.8701980710029602,-0.8009942173957825,-0.5933523178100586,-0.6698222756385803,-0.8161194920539856
66,Li1Se1S2,0.0,-0.7164624333381653,-0.6803280711174011,-0.6770661473274231,-0.651005208492279,-0.6356983780860901,-0.748458743095398,-0.6427337527275085,-0.7653146386146545,-0.7375885248184204,-0.5551705956459045
67,Ba6Li17S5,0.0,-0.566927433013916,-0.7668651938438416,-0.6164106130599976,-0.5298517346382141,-0.9046730995178223,-0.7979667782783508,-0.672906756401062,-0.8651599287986755,-0.8149067163467407,-0.7483208179473877
68,Li2B6S1,0.0,-0.36087489128112793,-0.3882521390914917,-0.4007676839828491,-0.3649250268936157,-0.4262053966522217,-0.5232360363006592,-0.4491717219352722,-0.44751429557800293,-0.46335357427597046,-0.3304562568664551
69,Li1S2N1,0.0,-0.37170612812042236,-0.289481520652771,-0.4068225622177124,-0.45206713676452637,-0.3112114667892456,-0.18279922008514404,0.19267714023590088,-0.2815662622451782,0.0024776458740234375,0.13329744338989258
70,Li2Te15S19,0.0,-0.32211947441101074,-0.30300235748291016,-0.4749046564102173,-0.36949968338012695,-0.2848418951034546,-0.41666853427886963,-0.23761582374572754,-0.37043726444244385,-0.17704641819000244,-0.15182256698608398
71,Li3Te8S5,0.0,-0.3477644920349121,-0.538701057434082,-0.5325611233711243,-0.553960919380188,-0.47014808654785156,-0.6143297553062439,-0.6015697121620178,-0.5811135172843933,-0.5224878787994385,-0.32496345043182373
72,Li2Pb15S19,0.0,-0.7449884414672852,-0.7147023677825928,-0.7672077417373657,-0.8173338770866394,-0.8546071648597717,-0.7713440656661987,-0.8054521083831787,-0.7228598594665527,-0.8723020553588867,-0.8012722134590149
73,Li3C5S8,0.0,-0.43909192085266113,-0.3158327341079712,-0.36053454875946045,-0.6060585379600525,-0.4208936095237732,-0.3619208335876465,-0.23696959018707275,-0.435133159160614,-0.35744738578796387,-0.24337518215179443
74,Li6S4Cl1,0.0,-1.2694838047027588,-1.4704092741012573,-1.2961227893829346,-1.179641604423523,-1.3850491046905518,-0.8339102268218994,-1.3909239768981934,-1.2165697813034058,-1.1033339500427246,-1.361786127090454
75,Li17Hg6S5,0.0,-0.5190667510032654,-0.6695278286933899,-0.5965573787689209,-0.7701370120048523,-0.7066341638565063,-0.7782725095748901,-0.7497450113296509,-0.6465511918067932,-0.5772543549537659,-0.21140456199645996
76,Li1As1S2,0.0,-0.8261842131614685,-0.8219517469406128,-0.8307753801345825,-0.8578328490257263,-0.9137519598007202,-0.8444042205810547,-0.8880562782287598,-0.8640817403793335,-0.8399543762207031,-0.8715818524360657
77,Li2S1F2,0.0,-1.9514802694320679,-2.239839792251587,-2.2699766159057617,-2.140289783477783,-1.9587260484695435,-2.13077974319458,-1.8825979232788086,-2.0104897022247314,-2.052222728729248,-2.136112689971924
78,Li1P5S2,0.0,-0.535818338394165,-0.3808307647705078,-0.32643353939056396,-0.5084365606307983,-0.48838019371032715,-0.5731630325317383,-0.4368706941604614,-0.4645668864250183,-0.4032411575317383,-0.44633948802948
79,Li6Sn4S1,0.0,-0.46973562240600586,-0.4654160737991333,-0.49684393405914307,-0.54857337474823,-0.5495384335517883,-0.57891845703125,-0.5560423135757446,-0.5677823424339294,-0.5528791546821594,-0.5254452228546143
80,Ba1Li6S4,0.0,-1.6553261280059814,-1.7140765190124512,-1.6897501945495605,-1.6652066707611084,-1.735407829284668,-1.6560423374176025,-1.6539819240570068,-1.5592031478881836,-1.6643106937408447,-1.67544686794281
81,Li3S5N8,0.0,-0.1025538444519043,-0.15315747261047363,-0.1494905948638916,-0.4174734354019165,-0.1878795623779297,-0.21384871006011963,-0.13264846801757812,-0.27248871326446533,-0.1575106382369995,-0.14854252338409424
82,Li2Sn2S1,0.0,-0.5924525856971741,-0.5863112211227417,-0.5705013871192932,-0.6313256621360779,-0.7066645622253418,-0.7450544238090515,-0.6891747117042542,-0.6561467051506042,-0.6824564933776855,-0.6049317717552185
83,Li2Al19S15,0.0,-1.1200653314590454,-1.0790202617645264,-1.234216570854187,-1.3020693063735962,-1.1858323812484741,-0.8760592341423035,-1.1332732439041138,-1.1126298904418945,-0.9709238409996033,-0.9605152606964111
84,Li2In2S1,0.0,-0.5773773193359375,-0.5855401158332825,-0.46486473083496094,-0.6600839495658875,-0.6770951151847839,-0.6772851943969727,-0.5783295631408691,-0.6399039030075073,-0.5706908702850342,-0.6954303979873657
85,Li3Si8S5,0.0,-0.5788461565971375,-0.5339203476905823,-0.5127225518226624,-0.6586791276931763,-0.7101800441741943,-0.7161939740180969,-0.6514778733253479,-0.6679558157920837,-0.5719096660614014,-0.44793325662612915
86,Li2P2S1,0.0,-0.6050758957862854,-0.675080418586731,-0.6961672902107239,-0.781160831451416,-0.716799259185791,-0.8298654556274414,-0.7108126282691956,-0.7547199726104736,-0.7431182861328125,-0.6294546723365784
87,Li2S1Cl6,0.0,-1.2814548015594482,-1.2994604110717773,-1.2661001682281494,-1.2075316905975342,-1.3004754781723022,-1.2615602016448975,-1.1847424507141113,-1.1772910356521606,-1.2518184185028076,-1.2726969718933105
88,Na1Li2S2,0.0,-1.2710695266723633,-1.2046964168548584,-1.2812981605529785,-1.2868781089782715,-1.2177889347076416,-0.7580873966217041,-1.2113115787506104,-1.0444388389587402,-0.848541259765625,-1.219383716583252
89,Li1Ga2S5,0.0,-0.8324269652366638,-0.9065581560134888,-0.9743051528930664,-0.9845473766326904,-0.8735349774360657,-0.5486853122711182,-0.9771302938461304,-0.8879612684249878,-0.885215163230896,-0.9511513710021973
90,Li6S1Cl4,0.0,-1.8281009197235107,-1.8870024681091309,-1.9193042516708374,-1.8335031270980835,-1.932480812072754,-1.8427774906158447,-1.8521130084991455,-1.8151671886444092,-1.771694540977478,-1.8870806694030762
91,Li2C6S1,0.0,-0.022319674491882324,0.08543658256530762,-0.07508683204650879,-0.16217470169067383,-0.2679513692855835,-0.2323547601699829,-0.19888293743133545,-0.007512927055358887,-0.03168749809265137,-0.03108513355255127
92,Li1In2S5,0.0,-0.23140394687652588,-0.8048083782196045,-0.7830794453620911,-0.81721431016922,-0.7909057140350342,-0.5306849479675293,-0.7962266206741333,-0.7375543117523193,-0.7133548855781555,-0.8595861196517944
93,Li2S15O19,0.0,-1.2981798648834229,-1.1746082305908203,-1.2718400955200195,-1.478816032409668,-1.219992995262146,-1.0482993125915527,-1.3164644241333008,-1.2915780544281006,-1.2440121173858643,-1.3347833156585693
94,Li6Ge4S1,0.0,-0.44407570362091064,-0.3711625337600708,-0.42416268587112427,-0.5476307272911072,-0.5509470701217651,-0.5435479283332825,-0.5418878793716431,-0.5645973682403564,-0.5812344551086426,-0.4829556941986084
95,Li17S6F5,0.0,-1.9848698377609253,-2.048950672149658,-1.80110764503479,-1.6299796104431152,-2.200929880142212,-1.7491345405578613,-2.0235671997070312,-1.8990836143493652,-2.1432671546936035,-1.9020496606826782
96,Li2Cd2S1,0.0,-0.4160638451576233,-0.5331746935844421,-0.4204280972480774,-0.6126323342323303,-0.6612046360969543,-0.6090496182441711,-0.5050060153007507,-0.6306424736976624,-0.40087175369262695,0.12246060371398926
97,Sr19Li2S15,0.0,-2.028855562210083,-2.1096606254577637,-2.089052677154541,-1.9732964038848877,-2.024758815765381,-1.6133744716644287,-1.884897232055664,-2.012436866760254,-1.982546329498291,-1.8982045650482178
98,Li6As1S4,0.0,-1.2557495832443237,-1.260698914527893,-1.238181471824646,-1.279432773590088,-1.2976691722869873,-1.3114378452301025,-1.297095775604248,-1.2499239444732666,-1.2042425870895386,-1.2472914457321167
99,Li1S1O2,0.0,-1.9330508708953857,-1.9253833293914795,-2.017184257507324,-2.026575803756714,-1.9915728569030762,-1.929537057876587,-1.9700785875320435,-1.7030768394470215,-1.9793953895568848,-1.9206924438476562
100,Li3Mg5S8,0.0,-1.3816547393798828,-1.3911325931549072,-1.4308587312698364,-1.4010430574417114,-1.3997814655303955,-0.7188224196434021,-1.4689548015594482,-1.3069742918014526,-1.3898138999938965,-1.4231927394866943
101,Li2As15S19,0.0,-0.45882320404052734,-0.47171759605407715,-0.48733848333358765,-0.5571250915527344,-0.534500002861023,-0.4561771750450134,-0.5217613577842712,-0.40718764066696167,-0.3996453285217285,-0.495486855506897
102,Ba4Li6S1,0.0,-0.19070744514465332,-0.28691649436950684,-0.3745889663696289,-0.0895928144454956,-0.5610421895980835,-0.49361735582351685,-0.26441168785095215,-0.4200859069824219,-0.47667908668518066,-0.3872925043106079
103,Li2Se15S19,0.0,-0.3428581953048706,0.042093634605407715,-0.3235126733779907,-0.39528214931488037,-0.32351744174957275,-0.244040846824646,-0.02104651927947998,-0.49063777923583984,-0.13063335418701172,-0.04359400272369385
104,Li2S3,0.0,-0.9626914262771606,-0.9442721009254456,-1.0368194580078125,-1.1320302486419678,-1.0996387004852295,-1.0735182762145996,-0.9514445066452026,-0.9466729760169983,-0.9857407808303833,-1.0310678482055664
105,Li1Ga2S1,0.0,-0.6464866399765015,-0.7029184103012085,-0.6032830476760864,-0.6494304537773132,-0.7292932271957397,-0.767306387424469,-0.5791047215461731,-0.7466387152671814,-0.5743618011474609,-0.49320030212402344
106,Li2S1I2,0.0,-0.7272025942802429,-0.9247535467147827,-0.8087061643600464,-0.5007898807525635,-0.94215327501297,-0.9773777723312378,-0.8133314251899719,-0.8896967172622681,-0.44856131076812744,-0.41053837537765503
107,Li2Cd15S19,0.0,-0.7275367975234985,-0.8022591471672058,-0.7441228628158569,-0.8083245754241943,-0.889972448348999,-0.801821231842041,-0.7999067306518555,-0.7414757013320923,-0.8397853970527649,-0.8093927502632141
108,Ba5Li1S2,0.0,-0.9227793216705322,-0.851581335067749,-0.8068646192550659,-0.8171935081481934,-0.9978137612342834,-0.39037370681762695,-0.8026785254478455,-0.9537728428840637,-0.7782251834869385,-0.5770058035850525
109,Li3Pb5S8,0.0,-0.9332955479621887,-0.8045727014541626,-0.8993765115737915,-0.9276732206344604,-1.0030643939971924,-0.9853146076202393,-0.9745165109634399,-0.9076645374298096,-0.9836560487747192,-0.98811936378479
110,Li3In5S8,0.0,-1.062483310699463,-1.0698740482330322,-1.086618423461914,-1.1268436908721924,-1.1823452711105347,-1.0557588338851929,-1.1213352680206299,-1.075793981552124,-1.0813543796539307,-1.0943787097930908
111,Li3Sn5S8,0.0,-0.9133654832839966,-0.9099164605140686,-0.9477993845939636,-1.068192958831787,-1.0738625526428223,-0.9288569688796997,-0.9521726369857788,-0.9538884162902832,-0.9947272539138794,-0.9799407720565796
112,Li2S1I6,0.0,-0.6337689161300659,-0.7603961825370789,-0.5855733752250671,-0.7607641220092773,-0.6112374663352966,-0.6332951188087463,-0.7262061834335327,-0.7064578533172607,-0.601696252822876,-0.6160911917686462
113,Li3Te5S8,0.0,-0.5587587952613831,-0.6050179600715637,-0.6818021535873413,-0.5582820177078247,-0.5066922903060913,-0.6520114541053772,-0.5499793291091919,-0.6093747615814209,-0.6130702495574951,-0.523171603679657
114,Sr5Li3S8,0.0,-1.8775086402893066,-1.8766343593597412,-1.9596295356750488,-1.973037600517273,-1.8797980546951294,-1.861548900604248,-1.9498116970062256,-1.7167987823486328,-1.9046764373779297,-1.8676514625549316
115,Li17S6N5,0.0,-0.7890993356704712,-0.7499004602432251,-0.807396411895752,-1.0746259689331055,-1.013991355895996,-0.8477916121482849,-0.9997207522392273,-1.0363221168518066,-0.8850248456001282,-1.0061087608337402
116,Li3C8S5,0.0,-0.12293171882629395,0.05125570297241211,0.04055511951446533,0.07990598678588867,-0.29131436347961426,-0.31351137161254883,-0.02417469024658203,-0.11577439308166504,-0.2586936950683594,-0.10920286178588867
117,Ba5Li17S6,0.0,-0.811172366142273,-1.0265743732452393,-0.8049129247665405,-0.8271265625953674,-1.0772854089736938,-0.9761148691177368,-0.9012634754180908,-1.093700885772705,-1.0100185871124268,-0.908277153968811
118,Li2Sn6S1,0.0,-0.35942530632019043,-0.2619069814682007,-0.22817766666412354,-0.32143616676330566,-0.36819982528686523,-0.3991340398788452,-0.3603639602661133,-0.3399698734283447,-0.30716657638549805,-0.33091211318969727
119,Li2Te6S1,0.0,-0.4919138550758362,-0.6394082307815552,-0.5235870480537415,-0.704319179058075,-0.49694108963012695,-0.59670090675354,-0.6523308753967285,-0.6534753441810608,-0.6108300685882568,-0.4295235872268677
120,Li2S1Cl2,0.0,-1.1605477333068848,-1.3980382680892944,-1.2432280778884888,-1.3540010452270508,-1.1517502069473267,-1.3617645502090454,-1.0220187902450562,-1.1131067276000977,-0.6279520988464355,-0.7735249400138855
121,Na1Li2S6,0.0,-0.7883687019348145,-0.773252546787262,-0.8745112419128418,-0.7910791635513306,-0.8885873556137085,-0.8418896198272705,-0.7806491255760193,-0.8048407435417175,-0.7439702153205872,-0.9562644958496094
122,Na5Li17S6,0.0,-0.6507899761199951,-0.9886631965637207,-0.8186696171760559,-0.8417606949806213,-0.9868552088737488,-0.9768396615982056,-0.807843804359436,-1.0437244176864624,-0.9236882925033569,-0.9022929668426514
123,Li17S5N6,0.0,-0.7241684198379517,-0.7156202793121338,-0.7491162419319153,-1.0340352058410645,-0.9338100552558899,-0.8775675296783447,-0.934958815574646,-0.9282658696174622,-0.8567780256271362,-0.9224013090133667
124,Li2P6S1,0.0,-0.4039117097854614,-0.42599159479141235,-0.48046499490737915,-0.4992711544036865,-0.4572743773460388,-0.5159208178520203,-0.4601321816444397,-0.5233043432235718,-0.2539016008377075,-0.43172574043273926
125,Li2S6O1,0.0,-0.6657857298851013,-0.757645308971405,-0.8209381699562073,-0.8632763028144836,-0.7176186442375183,-0.844233512878418,-0.7706997394561768,-0.8013610243797302,-0.6587601900100708,-0.8918374180793762
126,Li17Te5S6,0.0,-1.1924219131469727,-1.2924593687057495,-1.2524487972259521,-1.3017953634262085,-1.3342441320419312,-1.3991161584854126,-1.3105318546295166,-1.2452526092529297,-1.3153619766235352,-1.307450771331787
127,Li17S6O5,0.0,-1.6598005294799805,-1.7310633659362793,-1.7211116552352905,-1.7133373022079468,-1.6717982292175293,-0.5921230316162109,-1.627530574798584,-1.5740057229995728,-0.9942504167556763,-1.546783685684204
128,Li1In1S2,0.0,-1.1380689144134521,-1.152742862701416,-1.1529878377914429,-1.2047265768051147,-1.2163662910461426,-1.1590991020202637,-1.1795510053634644,-1.1712148189544678,-1.147235631942749,-1.1671650409698486
129,Li2Pb19S15,0.0,-0.7729356288909912,-0.7490671277046204,-0.7668671607971191,-0.7903010249137878,-0.84627765417099,-0.6250448822975159,-0.7430910468101501,-0.7338176369667053,-0.7258920669555664,-0.7342349290847778
130,Li17S5I6,0.0,-1.2958481311798096,-1.490287184715271,-1.3653006553649902,-1.340794563293457,-1.4345438480377197,-1.329905390739441,-1.3608332872390747,-1.3067232370376587,-1.3056164979934692,-1.3597458600997925
131,Li1Sn2S5,0.0,-0.7781867980957031,-0.7479739189147949,-0.7829705476760864,-0.8639190793037415,-0.8176866173744202,-0.83611661195755,-0.7890212535858154,-0.7545790672302246,-0.7419876456260681,-0.7993274927139282
132,Li6S4N1,0.0,-0.9402402639389038,-0.8940851092338562,-0.844633162021637,-0.9936619997024536,-0.9211953282356262,-0.39360058307647705,-1.04381263256073,-0.9010307788848877,-0.0954970121383667,-0.7497953772544861
133,Sr6Li17S5,0.0,-0.5746039748191833,-0.8256589770317078,-0.6353064179420471,-0.6975569128990173,-0.8758729696273804,-0.7466524243354797,-0.7084633111953735,-0.8947999477386475,-0.8471423983573914,-0.6827103495597839
134,Li2S15I19,0.0,-0.2800496816635132,-0.07455062866210938,-0.26841890811920166,-0.07946312427520752,-0.3131875991821289,-0.09611475467681885,0.16813290119171143,-0.38913512229919434,-0.10388052463531494,-0.08112800121307373
135,Li1Si2S1,0.0,-0.48873019218444824,-0.4213278889656067,-0.42690199613571167,-0.5633329153060913,-0.6572879552841187,-0.5914173722267151,-0.6141154170036316,-0.5952135324478149,-0.5419179797172546,-0.3552694320678711
136,Li3S5F8,0.0,-1.7985830307006836,-1.9707777500152588,-2.18928599357605,-1.9822678565979004,-1.9218552112579346,-2.067507028579712,-1.6319804191589355,-1.7751351594924927,-1.9711319208145142,-1.890867829322815
137,Li6Ca4S1,0.0,-0.24582159519195557,-0.33889687061309814,-0.34940242767333984,-0.3697549104690552,-0.5761311650276184,-0.44641435146331787,-0.2641249895095825,-0.37929224967956543,-0.46395009756088257,-0.3751664161682129
138,Li2Ca19S15,0.0,-1.9883503913879395,-2.0576419830322266,-2.037846803665161,-2.038856029510498,-2.074007272720337,-1.247357726097107,-1.8925848007202148,-2.0234932899475098,-2.000864028930664,-1.7692961692810059
139,Li1Si2S5,0.0,-1.0191856622695923,-1.0005640983581543,-1.021339774131775,-1.137940526008606,-1.1031275987625122,-1.0200939178466797,-1.057974934577942,-0.9740591645240784,-1.0216094255447388,-1.0744624137878418
140,Li1B2S5,0.0,-0.8521682620048523,-0.8346198797225952,-0.8457445502281189,-0.9012028574943542,-0.867462694644928,-0.8757299780845642,-0.7762085795402527,-0.7857325673103333,-0.8426191210746765,-0.8803241848945618
141,Li2S19F15,0.0,-1.405646562576294,-1.222908854484558,-1.3646970987319946,-1.5804204940795898,-1.4993387460708618,-1.5622732639312744,-0.9561014771461487,-1.4715921878814697,-1.505469560623169,-1.3396450281143188
142,Sr1Li1S2,0.0,-1.6919960975646973,-1.7048790454864502,-1.7794654369354248,-1.7949702739715576,-1.7212717533111572,-1.6762467622756958,-1.7687838077545166,-1.5984703302383423,-1.6854932308197021,-1.6975722312927246
143,Li1Ge2S5,0.0,-0.7599272131919861,-0.7552496790885925,-0.7524245977401733,-0.838609516620636,-0.7962210774421692,-0.8088395595550537,-0.7805541753768921,-0.7792719006538391,-0.7643029093742371,-0.8466634750366211
144,Li1B1S2,0.0,-1.0391080379486084,-1.011749505996704,-1.0195584297180176,-1.0983948707580566,-1.096653938293457,-1.068770170211792,-1.0321476459503174,-1.019091248512268,-1.0500953197479248,-1.0512394905090332
145,Li1Pb2S5,0.0,-0.6432730555534363,-0.5492214560508728,-0.6464126110076904,-0.7049214243888855,-0.6691920161247253,-0.7054044008255005,-0.6943696737289429,-0.6209786534309387,-0.5653038620948792,-0.7584325075149536
146,Sr5Li17S6,0.0,-0.8188254237174988,-1.0852737426757812,-0.854723334312439,-0.9206910729408264,-1.0381908416748047,-0.9491021633148193,-0.9484280347824097,-1.119600772857666,-1.0730466842651367,-0.8682759404182434
147,Li2As1S2,0.0,-1.0207839012145996,-1.0314006805419922,-1.0150327682495117,-1.0752167701721191,-1.0828324556350708,-1.0906556844711304,-1.095227837562561,-1.0516924858093262,-1.042779564857483,-1.0536918640136719
148,Li3In8S5,0.0,-0.7187309861183167,-0.6539186239242554,-0.6159915328025818,-0.6537261009216309,-0.7501871585845947,-0.7158273458480835,-0.7515784502029419,-0.7126005291938782,-0.5944586992263794,-0.6991916298866272
149,Li3Ga8S5,0.0,-0.7220356464385986,-0.824770450592041,-0.7556492686271667,-0.8307498097419739,-0.8068652749061584,-0.8215867280960083,-0.8521043062210083,-0.8299660682678223,-0.5891392827033997,-0.6553149223327637
150,Li17Si6S5,0.0,-0.5517503619194031,-0.7351494431495667,-0.6505350470542908,-0.8637310266494751,-0.7886598110198975,-0.7547350525856018,-0.720099151134491,-0.773970901966095,-0.7388891577720642,-0.6015794277191162
151,Li6Al1S4,0.0,-1.5132838487625122,-1.5418543815612793,-1.542480230331421,-1.5365468263626099,-1.5253559350967407,-1.4525914192199707,-1.538379192352295,-1.495743989944458,-1.4666262865066528,-1.4893419742584229
152,Li3Se8S5,0.0,-0.4878312349319458,-0.5151593089103699,-0.5842874050140381,-0.6111055016517639,-0.5871083736419678,-0.5919287204742432,-0.49310779571533203,-0.6045129895210266,-0.5755985379219055,-0.34021568298339844
153,Li1Cd2S5,0.0,-0.6465786695480347,-0.5497593283653259,-0.608557403087616,-0.7165541052818298,-0.6255053281784058,-0.7269563674926758,-0.6988265514373779,-0.5796495676040649,-0.6454616189002991,-0.7009429335594177
154,Li3Ga5S8,0.0,-1.1622405052185059,-1.238816261291504,-1.2254284620285034,-1.2787121534347534,-1.2798850536346436,-1.2091044187545776,-1.2773492336273193,-1.1881744861602783,-1.2168885469436646,-1.2580490112304688
155,Li1S2I1,0.0,-0.7268194556236267,-0.6758332252502441,-0.7545484900474548,-0.516955554485321,-0.752600371837616,-0.6894355416297913,-0.39372289180755615,-0.6810153722763062,-0.5858532786369324,-0.6673729419708252
156,Li17In6S5,0.0,-0.6779336929321289,-0.7409761548042297,-0.6623699069023132,-0.8733212947845459,-0.7609504461288452,-0.8231697082519531,-0.7664415240287781,-0.7320340275764465,-0.6740313768386841,-0.7978371977806091
157,Li1Sn5S2,0.0,-0.5509779453277588,-0.3982710838317871,-0.34269893169403076,-0.442301869392395,-0.582128643989563,-0.40436995029449463,-0.4634993076324463,-0.4072631597518921,-0.34321343898773193,-0.41617006063461304
158,Na2Li1S5,0.0,-0.6321097016334534,-0.7402574419975281,-0.8932631611824036,-0.849984884262085,-0.9650890827178955,-0.8576846718788147,-0.877097487449646,-0.7441648840904236,-0.7504706382751465,-0.9702885746955872
159,Li3Ca8S5,0.0,-1.3123613595962524,-1.4606192111968994,-1.1120444536209106,-1.2426923513412476,-1.4470411539077759,-0.8251760005950928,-1.219721794128418,-1.4892200231552124,-1.2834409475326538,-1.0062649250030518
160,Li2P1S6,0.0,-0.8555946350097656,-0.8616886734962463,-0.8384593725204468,-0.920886218547821,-0.9624456763267517,-0.9153972864151001,-0.8512425422668457,-0.8651333451271057,-0.8760849833488464,-0.9074772596359253
161,Li17Sn6S5,0.0,-0.7018366456031799,-0.8118516802787781,-0.7865418195724487,-0.8787369132041931,-0.8233876824378967,-0.8278694748878479,-0.8274710178375244,-0.7843060493469238,-0.8090280294418335,-0.7227305173873901
162,Li2Zn15S19,0.0,-0.8392255902290344,-0.958260715007782,-0.9285522699356079,-1.0117422342300415,-1.0487788915634155,-0.847190260887146,-0.9499927759170532,-0.95569908618927,-0.9808839559555054,-0.9896442890167236
163,Li6Hg1S4,0.0,-1.2390090227127075,-1.2350682020187378,-1.1804492473602295,-1.3275260925292969,-1.3525341749191284,-1.2780427932739258,-1.3053557872772217,-1.2211741209030151,-1.2048323154449463,-1.289341926574707
164,Li17S19,0.0,-1.0688855648040771,-1.0755665302276611,-1.1409032344818115,-1.2328904867172241,-1.1831603050231934,-1.1979941129684448,-1.112593650817871,-1.0844076871871948,-1.0641083717346191,-1.111839771270752
165,Li1Pb1S2,0.0,-0.9706116914749146,-0.8999913930892944,-0.9539019465446472,-1.0035319328308105,-1.0314819812774658,-1.0630300045013428,-1.0325515270233154,-0.9582617282867432,-1.038257360458374,-1.055822491645813
166,Li3As5S8,0.0,-0.693439245223999,-0.7063306570053101,-0.7334223389625549,-0.7210443019866943,-0.7693533897399902,-0.7157219052314758,-0.7798159122467041,-0.7193758487701416,-0.7215163707733154,-0.7557451725006104
167,Li1S1N2,0.0,-0.18093466758728027,-0.23938417434692383,-0.2524893283843994,-0.5592663288116455,-0.38549792766571045,-0.23568272590637207,-0.23759961128234863,-0.38792288303375244,-0.213112473487854,-0.0685126781463623
168,Li1Mg1S2,0.0,-1.3100323677062988,-1.3294405937194824,-1.3269286155700684,-1.3702208995819092,-1.3266239166259766,-0.7848548889160156,-1.3757458925247192,-1.2254877090454102,-1.2905097007751465,-1.292124629020691
169,Li1P2S5,0.0,-0.6935884952545166,-0.6950356960296631,-0.6729066967964172,-0.7650390863418579,-0.7673192024230957,-0.7419123649597168,-0.7232509255409241,-0.6824074983596802,-0.6991600394248962,-0.7055245041847229
170,Li3S8F5,0.0,-1.260934591293335,-1.325698733329773,-1.6611515283584595,-1.4237713813781738,-1.2931993007659912,-1.60820734500885,-0.840547502040863,-1.2466988563537598,-1.3690502643585205,-1.4176840782165527
171,Li1In2S1,0.0,-0.6009562611579895,-0.5594601631164551,-0.32315266132354736,-0.586398720741272,-0.6532759666442871,-0.671382486820221,-0.6381481289863586,-0.6259133219718933,-0.5345490574836731,-0.6352384090423584
172,Li3S2,0.0,-1.4150630235671997,-1.4365383386611938,-1.372093915939331,-1.4387128353118896,-1.4118815660476685,-1.37932550907135,-1.3830825090408325,-1.2560994625091553,-1.3684989213943481,-1.3091658353805542
173,Li3P5S8,0.0,-0.7620857357978821,-0.76577228307724,-0.7678535580635071,-0.8416521549224854,-0.8265736699104309,-0.8380904793739319,-0.8227142095565796,-0.8181329965591431,-0.7810221910476685,-0.8079569935798645
174,Li3Ge8S5,0.0,-0.6342635750770569,-0.5441039204597473,-0.600862979888916,-0.6340345740318298,-0.6759151220321655,-0.636554479598999,-0.6018820405006409,-0.5791399478912354,-0.579187273979187,-0.5322654247283936
175,Ba2Li1S5,0.0,-1.0979456901550293,-1.41433584690094,-1.4875962734222412,-1.2174170017242432,-1.4970794916152954,-0.6774027347564697,-1.425244927406311,-1.4767365455627441,-1.4289343357086182,-1.458303689956665
176,Li1Ge1S2,0.0,-0.9953618049621582,-0.9892043471336365,-1.0345191955566406,-1.1198770999908447,-1.1319797039031982,-1.064374566078186,-1.0533955097198486,-1.0538536310195923,-1.0381450653076172,-1.0625107288360596
177,Li1Te2S1,0.0,-0.4585644006729126,-0.6292231678962708,-0.5670822262763977,-0.7029258012771606,-0.5792686343193054,-0.6970824599266052,-0.7175989151000977,-0.6501767039299011,-0.6569359302520752,-0.367364764213562
178,Li2B2S1,0.0,-0.23252630233764648,-0.4451172351837158,-0.40984678268432617,-0.11084353923797607,-0.5584688186645508,-0.45074838399887085,-0.5673494935035706,-0.4089435338973999,0.4422053098678589,-0.24830937385559082
179,Sr15Li2S19,0.0,-2.0430729389190674,-2.0425214767456055,-2.061190366744995,-2.0472140312194824,-2.013666868209839,-1.7016059160232544,-2.056056022644043,-1.8297133445739746,-2.0980656147003174,-2.018075942993164
180,Li1Sn2S1,0.0,-0.6525585055351257,-0.5706819295883179,-0.46690183877944946,-0.5872842669487,-0.6914801001548767,-0.6862927675247192,-0.6863929629325867,-0.5913819670677185,-0.5781978964805603,-0.5649202466011047
181,Li6P1S4,0.0,-1.2517145872116089,-1.3554396629333496,-1.2805486917495728,-1.2470752000808716,-1.3469213247299194,-1.3157174587249756,-1.2361135482788086,-1.3031880855560303,-1.2705274820327759,-1.282261610031128
182,Li6Ge1S4,0.0,-1.3294893503189087,-1.2923882007598877,-1.3301270008087158,-1.3713680505752563,-1.3496026992797852,-1.3626259565353394,-1.334677815437317,-1.3631476163864136,-1.281615138053894,-1.3186697959899902
183,Li1C2S1,0.0,-0.17345058917999268,-0.08347582817077637,-0.09817278385162354,-0.08662867546081543,-0.39496445655822754,-0.40025973320007324,-0.20753192901611328,-0.07281160354614258,-0.36160337924957275,-0.18369412422180176
184,Li2Si6S1,0.0,-0.20900726318359375,-0.12550997734069824,-0.1773824691772461,-0.28129494190216064,-0.3120560646057129,-0.22391891479492188,-0.23538076877593994,-0.2882639169692993,-0.0012396574020385742,-0.18357515335083008
185,Li6Te4S1,0.0,-1.05136239528656,-1.0899009704589844,-1.02947998046875,-1.0823018550872803,-1.1336840391159058,-1.0982650518417358,-1.1080515384674072,-1.0335272550582886,-1.1044224500656128,-1.0235702991485596
186,Li6S1I4,0.0,-1.2674838304519653,-1.3646725416183472,-1.3494681119918823,-1.2676489353179932,-1.3393856287002563,-1.363969326019287,-1.304768681526184,-1.2518283128738403,-1.2765636444091797,-1.3500843048095703
187,Li6Hg4S1,0.0,-0.4171590209007263,-0.413865327835083,-0.28939366340637207,-0.5191977024078369,-0.43859386444091797,-0.5270753502845764,-0.45854872465133667,-0.42894208431243896,-0.4325786232948303,-0.4390909671783447
188,Li1As5S2,0.0,-0.40649574995040894,-0.3670780658721924,-0.2146066427230835,-0.43716806173324585,-0.42430800199508667,-0.3355504274368286,-0.3682711124420166,-0.3927934169769287,-0.2675372362136841,-0.41161996126174927
189,Li6P4S1,0.0,-0.6111974120140076,-0.6427544355392456,-0.6742696166038513,-0.6895949840545654,-0.7360280752182007,-0.5954628586769104,-0.6880411505699158,-0.654934287071228,-0.676556408405304,-0.5789724588394165
190,Li17Te6S5,0.0,-1.1746984720230103,-1.2513816356658936,-1.2202272415161133,-1.2600332498550415,-1.30084228515625,-1.3436279296875,-1.2768865823745728,-1.221483826637268,-1.290773630142212,-1.272334098815918
191,Li3Al5S8,0.0,-1.5290981531143188,-1.473275899887085,-1.571075677871704,-1.5910460948944092,-1.5601589679718018,-1.500745177268982,-1.558737874031067,-1.4576843976974487,-1.5043678283691406,-1.5155448913574219
192,Sr8Li3S5,0.0,-1.4235129356384277,-1.4653716087341309,-1.1516482830047607,-1.2389286756515503,-1.4110885858535767,-1.063191533088684,-1.1944139003753662,-1.4461870193481445,-1.2645894289016724,-0.9772704839706421
193,Li2Al15S19,0.0,-1.4501694440841675,-1.373263955116272,-1.4319558143615723,-1.5349040031433105,-1.4696863889694214,-1.3514052629470825,-1.4219329357147217,-1.2891900539398193,-1.4078056812286377,-1.3589797019958496
194,Li2Hg6S1,0.0,-0.24609506130218506,-0.2214733362197876,-0.054883360862731934,-0.2800571918487549,-0.28253018856048584,-0.2385697364807129,-0.27884137630462646,-0.2250145673751831,0.04654347896575928,0.28713691234588623
195,Sr5Li1S2,0.0,-0.9348660707473755,-0.8868086338043213,-0.8302034735679626,-0.8012927174568176,-1.057907223701477,-0.4104035496711731,-0.8315891027450562,-0.9760766625404358,-0.829001247882843,-0.6770350337028503
196,Li17P5S6,0.0,-0.9258682727813721,-1.0063226222991943,-0.9544658660888672,-1.0308244228363037,-0.9718865156173706,-1.0486583709716797,-0.9947292804718018,-1.0019830465316772,-1.0224997997283936,-0.9784364700317383
197,Li2As1S6,0.0,-0.7604453563690186,-0.8006777763366699,-0.7119719982147217,-0.8535153269767761,-0.7775110006332397,-0.77684086561203,-0.7922682762145996,-0.7684376239776611,-0.7779783010482788,-0.7827361226081848
198,Li3Mg8S5,0.0,-0.9951106309890747,-1.1115717887878418,-0.9075214862823486,-1.1250275373458862,-1.0672663450241089,-0.8338221311569214,-1.0106043815612793,-1.2417713403701782,-0.9641226530075073,-0.7578051090240479
199,Li2Ge15S19,0.0,-0.6544756293296814,-0.645656168460846,-0.6769639253616333,-0.7787984013557434,-0.7942939400672913,-0.6781055927276611,-0.6771631240844727,-0.6524515151977539,-0.6759516000747681,-0.7138103246688843
200,Li1S17,0.0,-0.1967085599899292,0.01738417148590088,-0.2604048252105713,-0.10111498832702637,-0.17020893096923828,-0.20596349239349365,-0.3240797519683838,-0.1079932451248169,-0.20647013187408447,-0.18664896488189697
201,Li1Hg2S1,0.0,-0.20048034191131592,-0.37316203117370605,0.05275404453277588,-0.32655370235443115,-0.49438905715942383,-0.3677253723144531,-0.4704083800315857,-0.45869648456573486,-0.015471100807189941,0.41355788707733154
202,Li2S6I1,0.0,-0.7264208197593689,-0.7309091687202454,-0.7484486699104309,-0.831454873085022,-0.7506544589996338,-0.8126798868179321,-0.8005200624465942,-0.7189939022064209,-0.7184516191482544,-0.8231610059738159
203,Li1Si1S2,0.0,-1.2082022428512573,-1.1856462955474854,-1.2395339012145996,-1.29997980594635,-1.315334677696228,-1.2556709051132202,-1.2445659637451172,-1.2037407159805298,-1.230743408203125,-1.2326234579086304
204,Li6S1F4,0.0,-2.543694496154785,-2.654280185699463,-2.653618574142456,-2.4989490509033203,-2.719481945037842,-2.4472687244415283,-2.5961110591888428,-2.4983747005462646,-2.605137348175049,-2.601228952407837
205,Li2Al1S2,0.0,-1.4965858459472656,-1.4163223505020142,-1.514793038368225,-1.482621192932129,-1.4619641304016113,-1.4614484310150146,-1.5389010906219482,-1.4400122165679932,-1.4274473190307617,-1.4075373411178589
206,Li1C2S5,0.0,-0.3513895273208618,-0.20956099033355713,-0.32982444763183594,-0.5191855430603027,-0.3412055969238281,-0.1511780023574829,-0.08383846282958984,-0.29455363750457764,-0.1045370101928711,-0.2314128875732422
207,Sr2Li2S1,0.0,-0.6091485023498535,-0.7728341221809387,-0.7504066228866577,-0.8088018298149109,-1.063839077949524,-0.7555489540100098,-0.7261282801628113,-0.9003629088401794,-0.9097062349319458,-0.743500828742981
208,Li6B4S1,0.0,-0.1655714511871338,-0.34063899517059326,-0.25789713859558105,0.13138210773468018,-0.3812333345413208,-0.29237794876098633,-0.32386767864227295,-0.1326277256011963,-0.07256639003753662,-0.1488785743713379
209,Li2S15F19,0.0,-1.7907885313034058,-1.5302494764328003,-1.6437212228775024,-1.823164939880371,-1.788610577583313,-1.7697373628616333,-1.4209680557250977,-1.6782233715057373,-1.748460054397583,-1.5735492706298828
210,Li2Cd6S1,0.0,-0.29081523418426514,-0.2728196382522583,-0.21159720420837402,-0.2996678352355957,-0.32033848762512207,-0.27595221996307373,-0.17266738414764404,-0.31886208057403564,-0.27854466438293457,-0.19666433334350586
211,Li1Te2S5,0.0,-0.38720524311065674,-0.2785942554473877,-0.5298710465431213,-0.45911163091659546,-0.3560551404953003,-0.47563743591308594,-0.24093997478485107,-0.4647212028503418,-0.44806915521621704,-0.37959396839141846
212,Li2S2Cl1,0.0,-1.0928194522857666,-1.2219408750534058,-1.0516529083251953,-1.015542984008789,-1.1968978643417358,-1.2193585634231567,-1.055251955986023,-1.1045705080032349,-0.677571177482605,-1.1301209926605225
213,Li2Ge6S1,0.0,-0.29603004455566406,-0.19326508045196533,-0.20343101024627686,-0.31198251247406006,-0.33293473720550537,-0.3080277442932129,-0.3194150924682617,-0.2674671411514282,-0.22285354137420654,-0.277213454246521
214,Li6S5,0.0,-1.2411863803863525,-1.257623314857483,-1.2262824773788452,-1.3203816413879395,-1.2936152219772339,-1.2233407497406006,-1.1951632499694824,-1.1582258939743042,-1.2235784530639648,-1.1884002685546875
215,Li6B1S4,0.0,-1.29811692237854,-1.3043791055679321,-1.263286828994751,-1.3307119607925415,-1.3936926126480103,-1.3040846586227417,-1.2632944583892822,-1.2832295894622803,-1.2526177167892456,-1.3221542835235596
216,Li1Zn2S5,0.0,-0.758109450340271,-0.7802513837814331,-0.7558566927909851,-0.829109251499176,-0.7281135320663452,-0.8236296772956848,-0.7293431162834167,-0.6714450716972351,-0.7217226028442383,-0.778813362121582
217,Li17S11,0.0,-1.4339567422866821,-1.458789348602295,-1.3984586000442505,-1.4588127136230469,-1.4370094537734985,-1.4095731973648071,-1.4135171175003052,-1.2699508666992188,-1.3868377208709717,-1.3327871561050415
218,Li6Al4S1,0.0,-0.2853529453277588,-0.41139131784439087,-0.3593062162399292,-0.4990076422691345,-0.4848363995552063,-0.38571596145629883,-0.3423275947570801,-0.44951361417770386,-0.4391710162162781,-0.357763409614563
219,Li6Ga4S1,0.0,-0.39560580253601074,-0.4787660241127014,-0.4582676887512207,-0.5599851012229919,-0.5193536877632141,-0.5664288401603699,-0.470323383808136,-0.5460575222969055,-0.5109267234802246,-0.4898598790168762
220,Li3S5O8,0.0,-1.5993773937225342,-1.583031177520752,-1.7240893840789795,-1.7913538217544556,-1.7919644117355347,-1.7388497591018677,-1.7393031120300293,-1.4321590662002563,-1.8268463611602783,-1.6918209791183472
221,Li17B6S5,0.0,-0.3300210237503052,-0.5858752727508545,-0.2379000186920166,-0.48421424627304077,-0.6145163774490356,-0.3159385919570923,-0.48137426376342773,-0.527723491191864,0.3336453437805176,-0.33319902420043945
222,Li17As6S5,0.0,-0.9211856126785278,-0.9240925312042236,-0.8830406069755554,-0.9740337133407593,-0.9699326753616333,-1.0504395961761475,-1.007893681526184,-0.9730744361877441,-0.9846369028091431,-0.9232389330863953
223,Li3S5I8,0.0,-0.4152427315711975,-0.41923028230667114,-0.35340261459350586,0.07249367237091064,-0.4887625575065613,-0.407412588596344,0.00014698505401611328,-0.49323177337646484,-0.23307907581329346,-0.1453779935836792
224,Li2Ga6S1,0.0,-0.40464210510253906,-0.3466278314590454,-0.3281363248825073,-0.40541183948516846,-0.39521217346191406,-0.4485200047492981,-0.3503990173339844,-0.4213520884513855,-0.36346685886383057,-0.38354241847991943
225,Li3P8S5,0.0,-0.6218392848968506,-0.5459735989570618,-0.49093854427337646,-0.6639773845672607,-0.614346981048584,-0.7367538213729858,-0.6193784475326538,-0.6439206004142761,-0.5519252419471741,-0.527316689491272
226,Li1S5I2,0.0,-0.5518981218338013,-0.45291513204574585,-0.6053628921508789,-0.42610931396484375,-0.5822115540504456,-0.5230780839920044,-0.2530958652496338,-0.553851306438446,-0.5290272831916809,-0.5854061841964722
227,Li2B15S19,0.0,-0.8350297212600708,-0.8606337308883667,-0.8355537056922913,-0.9216426610946655,-0.7989288568496704,-0.7375364899635315,-0.6733018159866333,-0.749733030796051,-0.7971846461296082,-0.846936047077179
228,Li3Zn5S8,0.0,-1.092451810836792,-1.0702965259552002,-1.0339255332946777,-1.1367220878601074,-1.127351999282837,-1.0349907875061035,-1.053810954093933,-1.0907483100891113,-1.1186046600341797,-1.10995352268219
229,Na2Li2S1,0.0,-0.43102574348449707,-0.7143518924713135,-0.6271901726722717,-0.554782509803772,-0.816446840763092,-0.7980635762214661,-0.19381678104400635,-0.8643102049827576,-0.7017422318458557,-0.7674797177314758
230,Li1S1Cl2,0.0,-0.9819912910461426,-1.1103525161743164,-1.028989315032959,-1.1250287294387817,-1.1674212217330933,-1.2130025625228882,-0.9152272939682007,-1.0612847805023193,-0.916745662689209,-1.0290939807891846
231,Li1Mg2S5,0.0,-0.8680845499038696,-1.0160777568817139,-0.9999229907989502,-0.9210817813873291,-1.0949599742889404,-0.7835895419120789,-1.0508061647415161,-0.8024069666862488,-0.9744758605957031,-1.0602729320526123
232,Ba6Li2S1,0.0,-0.18363440036773682,-0.34572041034698486,-0.22747313976287842,-0.3094674348831177,-0.40998268127441406,-0.4201645851135254,-0.2978396415710449,-0.26805317401885986,-0.32557034492492676,-0.3563157320022583
233,Li1S2F1,0.0,-1.1536065340042114,-1.252949595451355,-1.502923607826233,-0.9560573101043701,-1.302972435951233,-1.5244060754776,-0.942049503326416,-1.1634325981140137,-1.311609148979187,-1.348488688468933
234,Li3Ge5S8,0.0,-0.8738629221916199,-0.885637640953064,-0.9201544523239136,-0.9922394752502441,-1.0522260665893555,-0.9490751028060913,-0.9422102570533752,-0.9428063631057739,-0.9377742409706116,-0.9440819025039673
235,Li17Ca5S6,0.0,-0.7932024002075195,-1.0834718942642212,-0.8000773787498474,-0.9279302358627319,-1.0098265409469604,-0.9222646951675415,-0.9068796634674072,-1.0956828594207764,-1.1016590595245361,-0.86346036195755
236,Li3Si5S8,0.0,-1.0958811044692993,-1.1107122898101807,-1.1537296772003174,-1.1506338119506836,-1.2201926708221436,-1.1820865869522095,-1.1119043827056885,-1.1073741912841797,-1.1276758909225464,-1.106276035308838
237,Li17Zn6S5,0.0,-0.5576624870300293,-0.6532701849937439,-0.6541318893432617,-0.8466021418571472,-0.7241043448448181,-0.7255575656890869,-0.6614669561386108,-0.7430235147476196,-0.5949618220329285,0.13774621486663818
238,Na1Li1S2,0.0,0.01803600788116455,-0.3184800148010254,-0.994768500328064,-1.0250498056411743,-1.0408287048339844,-0.31558072566986084,-0.9204622507095337,-0.9344300627708435,-0.5312492251396179,-1.0802518129348755
239,Li2Si15S19,0.0,-0.9328993558883667,-0.9113770723342896,-0.8868219256401062,-1.0034444332122803,-1.0326273441314697,-0.9387722015380859,-0.8498959541320801,-0.8135135769844055,-0.8616716265678406,-0.8750613331794739
240,Na4Li6S1,0.0,-0.13699829578399658,-0.21964871883392334,-0.3267554044723511,-0.2158564329147339,-0.43206506967544556,-0.39883625507354736,0.013001441955566406,-0.16726601123809814,0.12009704113006592,-0.17477822303771973
241,Li17Ga6S5,0.0,-0.6457425951957703,-0.8200716376304626,-0.7274227142333984,-0.8769943714141846,-0.7694407105445862,-0.8555464148521423,-0.7894050478935242,-0.8427090644836426,-0.5884029269218445,-0.6660021543502808
242,Li2In19S15,0.0,-0.7761973142623901,-0.6958719491958618,-0.7598084211349487,-0.7360048294067383,-0.8509498238563538,-0.5142304301261902,-0.7821955680847168,-0.7179706692695618,-0.6821054816246033,-0.7404847145080566
243,Sr4Li6S1,0.0,-0.22280430793762207,-0.309573769569397,-0.36989569664001465,-0.3540921211242676,-0.61867755651474,-0.41666144132614136,-0.27293097972869873,-0.4121246337890625,-0.4824705123901367,-0.3435145616531372
244,Li1Mg5S2,0.0,-0.7210980653762817,-0.7211846113204956,-0.6092427968978882,-0.7595545053482056,-0.7739912271499634,-0.511201024055481,-0.6159942746162415,-0.9452228546142578,-0.6591918468475342,-0.4297294020652771
245,Li2Ge1S2,0.0,-1.1258594989776611,-1.0905882120132446,-1.1388866901397705,-1.1782703399658203,-1.1924082040786743,-1.2079579830169678,-1.2171462774276733,-1.146639347076416,-1.1352226734161377,-1.1578056812286377
246,Li17C6S5,0.0,-0.40312623977661133,-0.358650803565979,-0.38279616832733154,-0.4774458408355713,-0.5455345511436462,-0.49224597215652466,-0.5815277099609375,-0.6366392970085144,-0.25097131729125977,-0.28691983222961426
247,Li6S4I1,0.0,-1.2013776302337646,-1.3719497919082642,-1.1947896480560303,-1.161274790763855,-1.2080167531967163,-1.2970161437988281,-1.2428650856018066,-1.1765214204788208,-0.9458776712417603,-1.1463569402694702
248,Li1P1S2,0.0,-0.9024253487586975,-0.8918277621269226,-0.8955792188644409,-0.9548318386077881,-0.9792537689208984,-0.9644608497619629,-0.9451217651367188,-0.9273180365562439,-0.9155781269073486,-0.9469699263572693
249,Li2As19S15,0.0,-0.430361807346344,-0.4229048490524292,-0.383658766746521,-0.5016254186630249,-0.47983360290527344,-0.39266443252563477,-0.45398491621017456,-0.3738619089126587,-0.32278263568878174,-0.39934563636779785
250,Li6S1O4,0.0,-1.977550983428955,-2.0732693672180176,-2.001471519470215,-1.8605608940124512,-1.9993329048156738,-2.1333281993865967,-2.081914186477661,-2.0307350158691406,-1.9907619953155518,-1.9234837293624878
251,Li2S7,0.0,-0.6422430276870728,-0.6400135159492493,-0.7053479552268982,-0.7285054326057434,-0.7195650935173035,-0.7208148241043091,-0.6602930426597595,-0.6623764634132385,-0.635597288608551,-0.7628213167190552
252,Li2Sn1S2,0.0,-1.1199456453323364,-1.1189967393875122,-1.135903000831604,-1.1610124111175537,-1.1724478006362915,-1.1566314697265625,-1.1767559051513672,-1.1098445653915405,-1.1516166925430298,-1.1166601181030273
253,Li17Zn5S6,0.0,-0.7408559918403625,-0.8346617817878723,-0.7901583909988403,-0.9902526140213013,-0.8653014898300171,-0.8719769716262817,-0.8095503449440002,-0.9341228008270264,-0.8083212971687317,-0.12704181671142578
254,Li2Ga19S15,0.0,-0.8436174392700195,-0.9108205437660217,-0.8431851863861084,-0.9481135606765747,-0.987617015838623,-0.7720644474029541,-0.9675490260124207,-0.8205647468566895,-0.785018265247345,-0.8987000584602356
255,Li2B19S15,0.0,-0.682170033454895,-0.762929379940033,-0.6046831607818604,-0.82279372215271,-0.7189059853553772,-0.6578888297080994,-0.6712465286254883,-0.6962547898292542,-0.5430712103843689,-0.7015171647071838
256,Li2Ge1S6,0.0,-0.8095744848251343,-0.8646059036254883,-0.8883669972419739,-0.936878502368927,-0.8710124492645264,-0.8642345070838928,-0.8162432312965393,-0.778488039970398,-0.818719744682312,-0.8247174024581909
257,Li1Sn1S2,0.0,-1.005857229232788,-1.0005619525909424,-1.0254647731781006,-1.1597118377685547,-1.1315441131591797,-1.0304635763168335,-1.0397073030471802,-1.0400089025497437,-1.0751069784164429,-1.0701372623443604
258,Li2S6F1,0.0,-0.7959586381912231,-0.9194222688674927,-0.8542795777320862,-0.39547622203826904,-0.9726837873458862,-1.1573703289031982,-0.6057571172714233,-0.8611653447151184,-0.6661199331283569,-0.866004228591919
259,Li1S2O1,0.0,-1.0181314945220947,-1.0798078775405884,-1.1880730390548706,-1.100633144378662,-1.023918867111206,-1.1254351139068604,-1.146927833557129,-1.0191653966903687,-1.0008866786956787,-1.1036489009857178
260,Na15Li2S19,0.0,-0.6965367197990417,-0.4540081024169922,-0.9410279393196106,-0.9003499150276184,-1.025792121887207,-0.05126655101776123,-0.9949465990066528,-0.9302593469619751,-0.7275744080543518,-1.0043644905090332
261,Li2Ge2S1,0.0,-0.5706068873405457,-0.5460214018821716,-0.5613043308258057,-0.6997767686843872,-0.7137578129768372,-0.6929050087928772,-0.7050660848617554,-0.6419866681098938,-0.7202261686325073,-0.5883616209030151
262,Li3S5Cl8,0.0,-0.9200524687767029,-0.9381814002990723,-1.0609302520751953,-1.027475118637085,-1.103588342666626,-1.1398422718048096,-0.8287095427513123,-1.0771478414535522,-1.0161418914794922,-0.9210153818130493
263,Li1Zn1S2,0.0,-1.1049747467041016,-1.073491096496582,-1.0448946952819824,-1.1658170223236084,-1.111324429512024,-0.9131230115890503,-1.0767627954483032,-1.064784049987793,-1.119945764541626,-1.0902279615402222
264,Li1B5S2,0.0,-0.5335941910743713,-0.49080801010131836,-0.36828184127807617,-0.558227002620697,-0.5796113610267639,-0.6310332417488098,-0.5915738344192505,-0.6007174253463745,0.050612688064575195,-0.2496575117111206
265,Li1Se2S5,0.0,-0.5364306569099426,-0.44413870573043823,-0.47180038690567017,-0.5693776607513428,-0.47117871046066284,-0.5203256607055664,-0.3837456703186035,-0.6193017959594727,-0.5316882133483887,-0.4629392623901367
266,Li1Hg2S5,0.0,-0.430608868598938,-0.3010491132736206,-0.39348936080932617,-0.4654553532600403,-0.33772575855255127,-0.4302542805671692,-0.39343810081481934,-0.4062637686729431,-0.3273310661315918,-0.4308338165283203
267,Li3S8O5,0.0,-1.1776413917541504,-1.148708701133728,-1.3036549091339111,-1.317893385887146,-1.151611328125,-1.3702149391174316,-1.207233190536499,-1.1056911945343018,-1.229337215423584,-1.1809825897216797
268,Li2Cd19S15,0.0,-0.8330783247947693,-0.8477235436439514,-0.8364433646202087,-0.8195724487304688,-0.8838691711425781,-0.6549032926559448,-0.8002283573150635,-0.8311070203781128,-0.8107932209968567,-0.7960576415061951
269,Li2S1O2,0.0,-1.8319880962371826,-1.9157261848449707,-1.9227169752120972,-1.4055542945861816,-1.600459098815918,-1.3572282791137695,-1.6273648738861084,-1.7828491926193237,-1.3542652130126953,-1.2615432739257812
270,Li2S1N6,0.0,-0.29095542430877686,-0.1992870569229126,-0.3454328775405884,-0.2719048261642456,-0.45501232147216797,-0.41781121492385864,-0.4221498966217041,-0.20988690853118896,-0.3135645389556885,-0.2614668607711792
271,Li2S19Cl15,0.0,-0.7742523550987244,-0.6702158451080322,-0.7869713306427002,-0.9444551467895508,-0.8928214311599731,-0.7692909240722656,-0.8434813618659973,-0.9631220102310181,-0.8368033170700073,-0.7089582085609436
272,Li2B1S2,0.0,-1.125879168510437,-1.109877586364746,-1.0539997816085815,-1.1418178081512451,-1.223426342010498,-1.1407411098480225,-1.1341813802719116,-1.0296649932861328,-1.1407352685928345,-1.1463502645492554
273,Ba19Li2S15,0.0,-2.041781187057495,-2.0578432083129883,-2.0567126274108887,-1.9520397186279297,-1.955223798751831,-1.0979901552200317,-1.8646669387817383,-1.9841976165771484,-1.9019969701766968,-1.9076191186904907
274,Li2In1S6,0.0,-0.49199843406677246,-0.7158575057983398,-0.7464144229888916,-0.8243268728256226,-0.7680630087852478,-0.770043671131134,-0.7916656732559204,-0.5580298900604248,-0.5335214138031006,-0.8063235282897949
275,Li1As2S1,0.0,-0.5874266028404236,-0.541283369064331,-0.4789154529571533,-0.6119158864021301,-0.5967520475387573,-0.6465039849281311,-0.6628747582435608,-0.6613824367523193,-0.5904653072357178,-0.5099374651908875
276,Na2Li1S1,0.0,-0.9937009811401367,-1.045846700668335,-0.9512192010879517,-0.9598472118377686,-1.0034005641937256,-1.0193123817443848,-0.9449383020401001,-1.073667287826538,-0.9300329685211182,-1.0079224109649658
277,Li2Mg19S15,0.0,-1.5633596181869507,-1.530624270439148,-1.5602771043777466,-1.602210283279419,-1.5955184698104858,-0.9913190603256226,-1.5168728828430176,-1.587785005569458,-1.4535062313079834,-1.3037643432617188
278,Ba8Li3S5,0.0,-1.41399347782135,-1.3641490936279297,-1.1495736837387085,-1.3362112045288086,-1.357010841369629,-0.8374793529510498,-1.2356526851654053,-1.3939626216888428,-1.2143803834915161,-1.1328531503677368
279,Li2Te1S2,0.0,-0.963833212852478,-0.9530894160270691,-1.0201390981674194,-1.0797722339630127,-1.074615716934204,-1.119497299194336,-1.062868595123291,-1.0012770891189575,-1.0399346351623535,-1.015270709991455
280,Li17C5S6,0.0,-0.6137543320655823,-0.4814327359199524,-0.4829181432723999,-0.5801259875297546,-0.6610530018806458,-0.6053202152252197,-0.7117294073104858,-0.7756703495979309,-0.4151526093482971,-0.425151526927948
281,Li2Mg1S2,0.0,-1.5636905431747437,-1.6232649087905884,-1.6599855422973633,-1.6523690223693848,-1.677729845046997,-1.639315128326416,-1.6056921482086182,-1.5752239227294922,-1.6432193517684937,-1.5272157192230225
282,Li2Zn1S2,0.0,-1.307128667831421,-1.3149703741073608,-1.2971928119659424,-1.3930790424346924,-1.3785525560379028,-1.3498138189315796,-1.316983938217163,-1.2800942659378052,-1.3281575441360474,-1.2866613864898682
283,Li3S8Cl5,0.0,-0.9149588346481323,-0.9332296848297119,-1.043823003768921,-1.0141758918762207,-1.1625980138778687,-1.1247159242630005,-0.8557140231132507,-1.032917857170105,-1.0140645503997803,-0.9545989036560059
284,Li2S1O6,0.0,-1.341076135635376,-1.3767927885055542,-1.3793693780899048,-1.2031835317611694,-1.299754023551941,-1.3574389219284058,-1.3111467361450195,-1.3082025051116943,-1.2724761962890625,-1.30470871925354
285,Li17Ca6S5,0.0,-0.5514773726463318,-0.8544498085975647,-0.6202515363693237,-0.756267249584198,-0.8455368876457214,-0.7218326330184937,-0.6941553950309753,-0.8713542819023132,-0.8614673614501953,-0.6755132675170898
286,Li2Cd1S2,0.0,-1.2313454151153564,-1.2269678115844727,-1.2017043828964233,-1.2737901210784912,-1.3073710203170776,-1.2817058563232422,-1.2342865467071533,-1.19527268409729,-1.2343428134918213,-1.2220648527145386
287,Li1In5S2,0.0,-0.5440884232521057,-0.43101048469543457,-0.35352110862731934,-0.44721752405166626,-0.576346218585968,-0.42806899547576904,-0.49875980615615845,-0.48134100437164307,-0.3745417594909668,-0.4783802628517151
288,Li17Cd5S6,0.0,-0.7662581205368042,-0.8782879710197449,-0.7996622920036316,-0.9350704550743103,-0.8932932615280151,-0.891357421875,-0.8188334703445435,-0.9161862134933472,-0.8352857828140259,-0.342307448387146
289,Na6Li2S1,0.0,-0.19252753257751465,-0.32015085220336914,-0.2203143835067749,-0.32099831104278564,-0.32286906242370605,-0.4075787663459778,-0.01352989673614502,-0.2751103639602661,-0.13589084148406982,-0.08739149570465088
290,Li1Hg1S2,0.0,-0.6958586573600769,-0.48787617683410645,-0.6618993878364563,-0.7705936431884766,-0.777873158454895,-0.7740973234176636,-0.7155780792236328,-0.5907073616981506,-0.690948486328125,-0.7574858069419861
291,Li6Mg1S4,0.0,-1.4921963214874268,-1.6151748895645142,-1.6385762691497803,-1.5526337623596191,-1.6556452512741089,-1.6002552509307861,-1.5782740116119385,-1.5483458042144775,-1.5547654628753662,-1.5133424997329712
292,Li2Ca1S2,0.0,-1.7823498249053955,-1.8718109130859375,-1.8947818279266357,-1.8674005270004272,-1.8868567943572998,-1.827889084815979,-1.813016653060913,-1.795440435409546,-1.8684542179107666,-1.851033329963684
293,Li2C1S2,0.0,-0.7789353132247925,-0.6899200677871704,-0.7306371331214905,-0.7871866822242737,-0.84186851978302,-0.8178050518035889,-0.7516978979110718,-0.8590741753578186,-0.8148142695426941,-0.7480511665344238
294,Ba1Li1S2,0.0,-1.7593488693237305,-1.7069058418273926,-1.7557519674301147,-1.778551697731018,-1.778037190437317,-1.7909727096557617,-1.785097599029541,-1.6157951354980469,-1.7102479934692383,-1.7351456880569458
295,Ba2Li1S1,0.0,-0.9522041082382202,-0.9391713738441467,-0.7996501922607422,-0.9885221719741821,-1.0614840984344482,-0.8546613454818726,-0.8722361326217651,-1.0256071090698242,-0.9881347417831421,-0.8582794070243835
296,Li2S2I1,0.0,-0.8672043085098267,-0.9467083811759949,-0.9300649166107178,-0.9551110863685608,-0.9118512868881226,-1.0200505256652832,-0.8620385527610779,-0.9323580265045166,-0.5113320350646973,-0.5138499140739441
297,Li6Se4S1,0.0,-1.190422534942627,-1.2507437467575073,-1.1811120510101318,-1.2358763217926025,-1.3193511962890625,-1.3183706998825073,-1.2817518711090088,-1.2382347583770752,-1.2899961471557617,-1.2615585327148438
298,Li3S8N5,0.0,-0.306959867477417,-0.22616469860076904,-0.34620237350463867,-0.3044165372848511,-0.24787461757659912,-0.2576720714569092,0.13984858989715576,-0.35983896255493164,-0.19185757637023926,-0.034906983375549316
299,Li6S1N4,0.0,-0.6199561357498169,-0.5763071775436401,-0.5730580687522888,-0.6869344711303711,-0.6713290810585022,-0.6109132170677185,-0.6078766584396362,-0.58718341588974,-0.5482967495918274,-0.5702797174453735
300,Li1Cd2S1,0.0,-0.40272045135498047,-0.4888514280319214,-0.31281304359436035,-0.5518648624420166,-0.6187950968742371,-0.48295432329177856,-0.5000416040420532,-0.6657828092575073,-0.37609434127807617,-0.007094860076904297
301,Sr2Li1S5,0.0,-0.9798781275749207,-1.3520898818969727,-1.4639605283737183,-1.1131855249404907,-1.4582562446594238,-0.7332541346549988,-1.4231606721878052,-1.4381917715072632,-1.3800597190856934,-1.4161028861999512
302,Li2Mg1S6,0.0,-0.8157967329025269,-0.8192004561424255,-0.8667245507240295,-0.8834732174873352,-1.018855094909668,-0.8745237588882446,-0.8580169677734375,-0.6996064186096191,-0.657508373260498,-0.9109904766082764
303,Li2Cd1S6,0.0,-0.6896673440933228,-0.6378047466278076,-0.7055890560150146,-0.7495592832565308,-0.7645808458328247,-0.8401965498924255,-0.7902659773826599,-0.5676223635673523,-0.5820345878601074,-0.7735296487808228
304,Na5Li3S8,0.0,0.36893153190612793,-0.21085453033447266,-0.9759470224380493,-0.9570633769035339,-1.0463452339172363,-0.2065204381942749,-0.8997205495834351,-0.9358112215995789,-0.5831058025360107,-1.040444254875183
305,Li17Ge6S5,0.0,-0.6740193963050842,-0.7531083822250366,-0.7318222522735596,-0.9217373132705688,-0.8664988875389099,-0.8368702530860901,-0.8636687994003296,-0.828099250793457,-0.7898284792900085,-0.751655101776123
306,Li17S5F6,0.0,-2.10355806350708,-2.1563336849212646,-2.0331995487213135,-1.9231486320495605,-2.3250279426574707,-1.8695502281188965,-2.14865779876709,-2.015806198120117,-2.307272434234619,-2.0288572311401367
307,Li2Ca15S19,0.0,-2.0230071544647217,-1.9686813354492188,-1.967287540435791,-1.9528542757034302,-1.9708871841430664,-1.1894824504852295,-1.947277307510376,-1.8155906200408936,-1.9867749214172363,-2.057621479034424
308,Li17Ge5S6,0.0,-0.8041868209838867,-0.8757016062736511,-0.8817076683044434,-1.0519075393676758,-0.977808952331543,-0.9831582307815552,-0.9856722354888916,-0.9684015512466431,-0.9040724039077759,-0.8564556837081909
309,Li1Te5S2,0.0,-0.17107927799224854,-0.3671673536300659,-0.2855137586593628,-0.4729984402656555,-0.37977421283721924,-0.46843355894088745,-0.46953338384628296,-0.4877026677131653,-0.35152769088745117,-0.1590576171875
310,Li17Pb5S6,0.0,-0.8469483256340027,-0.8396223783493042,-0.8962020874023438,-0.9600838422775269,-0.9724529981613159,-0.9951895475387573,-0.9214705228805542,-0.9219092726707458,-0.8190889954566956,-0.8675609230995178
311,Li6Te1S4,0.0,-1.2237550020217896,-1.2547667026519775,-1.2670857906341553,-1.3005805015563965,-1.317234992980957,-1.401214361190796,-1.2971043586730957,-1.260406494140625,-1.2635819911956787,-1.2898151874542236
312,Li2Hg19S15,0.0,-0.44358736276626587,-0.4028627872467041,-0.3659461736679077,-0.45729494094848633,-0.4692022204399109,-0.3256455659866333,-0.4755878448486328,-0.4507625699043274,-0.3694528341293335,-0.4366413354873657
313,Li2Ca6S1,0.0,-0.2001107931137085,-0.36226606369018555,-0.30903637409210205,-0.322334885597229,-0.4570944309234619,-0.39201951026916504,-0.3012278079986572,-0.3659324645996094,-0.20510590076446533,-0.32579493522644043
314,Li3Pb8S5,0.0,-0.6755024790763855,-0.6385749578475952,-0.6508333086967468,-0.6700432300567627,-0.7479629516601562,-0.6766610145568848,-0.7070239782333374,-0.7475441098213196,-0.5721025466918945,-0.6785404086112976
315,Li2P19S15,0.0,-0.536076545715332,-0.45178115367889404,-0.36762118339538574,-0.613911509513855,-0.5168494582176208,-0.5453758835792542,-0.4888973832130432,-0.47561728954315186,-0.34646284580230713,-0.4465574622154236
316,Li1S3,0.0,-0.6927002668380737,-0.6982072591781616,-0.7632447481155396,-0.7812777161598206,-0.8119301795959473,-0.7889738082885742,-0.6920827031135559,-0.7303884029388428,-0.71719890832901,-0.8097276091575623
317,Li2Te19S15,0.0,-0.2585681676864624,-0.2734774351119995,-0.3704524040222168,-0.3829474449157715,-0.32702863216400146,-0.3884378671646118,-0.2798287868499756,-0.42323726415634155,-0.22138261795043945,-0.20948946475982666
318,Li1Al2S1,0.0,-0.6435225009918213,-0.7021181583404541,-0.5266977548599243,-0.7063757181167603,-0.7379294633865356,-0.7354020476341248,-0.7674199342727661,-0.8013888001441956,-0.4223174452781677,-0.5153759121894836
319,Li1Ge2S1,0.0,-0.5879572629928589,-0.4802303910255432,-0.4810596704483032,-0.621234655380249,-0.6699885725975037,-0.614280641078949,-0.6433869004249573,-0.5456734895706177,-0.5702462196350098,-0.521095871925354
320,Li6Zn4S1,0.0,-0.31753015518188477,-0.3869401216506958,-0.36254358291625977,-0.5420133471488953,-0.4925159215927124,-0.4455215334892273,-0.3638187646865845,-0.39050424098968506,-0.47326135635375977,0.2618441581726074
321,Li1Al1S2,0.0,-1.5085208415985107,-1.5019152164459229,-1.571177363395691,-1.6233301162719727,-1.5906256437301636,-1.5422325134277344,-1.5600675344467163,-1.5005667209625244,-1.5325651168823242,-1.5436487197875977
322,Li2As6S1,0.0,-0.4050304889678955,-0.32330191135406494,-0.2819333076477051,-0.3134617805480957,-0.375457763671875,-0.29184412956237793,-0.39902257919311523,-0.437063992023468,-0.302829384803772,-0.40096497535705566
323,Li2Ga2S1,0.0,-0.5986891388893127,-0.6986675262451172,-0.6429210901260376,-0.6260925531387329,-0.7071174383163452,-0.7791625261306763,-0.6476923227310181,-0.7682211399078369,-0.6068799495697021,-0.47280311584472656
324,Li17Al6S5,0.0,-0.5518950819969177,-0.7651494741439819,-0.6967325210571289,-0.9229447841644287,-0.7253618240356445,-0.654528021812439,-0.7265623211860657,-0.812400758266449,-0.6218676567077637,-0.5502075552940369
325,Li3S5,0.0,-0.9123338460922241,-0.9049904346466064,-0.9981788396835327,-1.0628063678741455,-1.0714213848114014,-1.0338311195373535,-0.894259512424469,-0.9097840785980225,-0.9585279822349548,-0.9918774366378784
326,Li2Mg2S1,0.0,-0.5071646571159363,-0.6954454183578491,-0.4964525103569031,-0.8309741020202637,-0.74310702085495,-0.5942398309707642,-0.49911773204803467,-0.7922455072402954,-0.6567724943161011,-0.5128903388977051
327,Li6In4S1,0.0,-0.4130430817604065,-0.4271252155303955,-0.4329403042793274,-0.5552288293838501,-0.5071871280670166,-0.510223925113678,-0.4288315176963806,-0.4825025200843811,-0.4458935260772705,-0.546988844871521
328,Li3Zn8S5,0.0,-0.7056757807731628,-0.7419348359107971,-0.6439054012298584,-0.727397620677948,-0.8286244869232178,-0.7156228423118591,-0.7447636127471924,-0.8859452605247498,-0.6312140226364136,-0.6401100754737854
329,Li2Si1S2,0.0,-1.1960396766662598,-1.1687202453613281,-1.2172939777374268,-1.2634198665618896,-1.235588788986206,-1.2639542818069458,-1.2655242681503296,-1.2128618955612183,-1.229786992073059,-1.2359923124313354
330,Li1S2Cl5,0.0,-0.8157112002372742,-0.8740957975387573,-0.9890140891075134,-0.9641680717468262,-1.0007190704345703,-1.0276007652282715,-0.7510509490966797,-1.0526025295257568,-0.9468836784362793,-0.7647396922111511
331,Li2Hg2S1,0.0,0.06585001945495605,-0.23890841007232666,0.4097498655319214,-0.3318413496017456,-0.24455857276916504,-0.5338446497917175,-0.5455345511436462,-0.4469090700149536,0.273476243019104,0.46440589427948
332,Li1Zn2S1,0.0,-0.5748600363731384,-0.552436113357544,-0.34185945987701416,-0.530329704284668,-0.6877069473266602,-0.6368471384048462,-0.5361046195030212,-0.7273195385932922,-0.4980955719947815,0.04827284812927246
333,Li10S1,0.0,-0.23020613193511963,-0.3575475215911865,-0.5091884136199951,-0.25969910621643066,-0.5843632817268372,-0.49442213773727417,-0.4180915355682373,-0.42188936471939087,-0.17008447647094727,-0.3284800052642822
334,Li2S6Cl1,0.0,-0.8077529668807983,-0.8214073777198792,-0.8046331405639648,-0.8982669115066528,-0.9361521005630493,-1.0391377210617065,-0.9017974734306335,-0.962927520275116,-0.8079735636711121,-0.9523442983627319
335,Li3Cd8S5,0.0,-0.5649209022521973,-0.7072659730911255,-0.6391270756721497,-0.6646168231964111,-0.7423434257507324,-0.5583911538124084,-0.7522484064102173,-0.809964120388031,-0.6465812921524048,-0.6169313788414001
336,Li6Se1S4,0.0,-1.2383148670196533,-1.3091291189193726,-1.245637059211731,-1.2669093608856201,-1.270405888557434,-1.3513004779815674,-1.2440637350082397,-1.254425048828125,-1.2858543395996094,-1.291398525238037
337,Li1Ga5S2,0.0,-0.5827566981315613,-0.5438977479934692,-0.4694557785987854,-0.5997685790061951,-0.6221375465393066,-0.558384358882904,-0.4755629897117615,-0.5906944274902344,-0.39269840717315674,-0.5242835879325867
338,Li2Se19S15,0.0,-0.3070547580718994,-0.08763957023620605,-0.32211756706237793,-0.3880382776260376,-0.32697105407714844,-0.268352746963501,-0.06876540184020996,-0.464866042137146,-0.1636601686477661,0.06341063976287842
339,Li7S4,0.0,-1.4809932708740234,-1.5183169841766357,-1.532654047012329,-1.551535964012146,-1.5655522346496582,-1.5336582660675049,-1.5051645040512085,-1.341958999633789,-1.4696539640426636,-1.4532390832901
340,Li8S1,0.0,-0.2996572256088257,-0.4205561876296997,-0.6082265377044678,-0.3277440071105957,-0.6119272112846375,-0.49767082929611206,-0.4942960739135742,-0.4553120732307434,-0.19987773895263672,-0.3944849967956543
341,Li1Al2S5,0.0,-1.1244215965270996,-1.0552096366882324,-1.080831527709961,-1.2654006481170654,-1.13034987449646,-1.1873223781585693,-1.1264119148254395,-1.0798487663269043,-1.0983651876449585,-1.1085796356201172
342,Li2B1S6,0.0,-0.8325773477554321,-0.8618322610855103,-0.8045143485069275,-0.8563044667243958,-0.9478191137313843,-0.9273303747177124,-0.8108916282653809,-0.7927918434143066,-0.8324522972106934,-0.8926163911819458
343,Li2In1S2,0.0,-1.244579792022705,-1.1577742099761963,-1.19070565700531,-1.2399640083312988,-1.2546926736831665,-1.2349029779434204,-1.2710943222045898,-1.1831631660461426,-1.2038507461547852,-1.2079728841781616
344,Li1S7,0.0,-0.37372517585754395,-0.3050260543823242,-0.49614131450653076,-0.30542635917663574,-0.3597099781036377,-0.4037511348724365,-0.48535406589508057,-0.3533902168273926,-0.3764631748199463,-0.4161664843559265
345,Li2Pb1S2,0.0,-1.1683337688446045,-1.2153068780899048,-1.204323172569275,-1.2269847393035889,-1.243435025215149,-1.2039859294891357,-1.2271641492843628,-1.1781866550445557,-1.204023838043213,-1.1811246871948242
346,Li2Hg15S19,0.0,-0.4371890425682068,-0.3396947383880615,-0.3549555540084839,-0.4409703016281128,-0.4286757707595825,-0.4693843722343445,-0.457439124584198,-0.40800559520721436,-0.3696509599685669,-0.401808500289917
347,Li2S2F1,0.0,-1.1177253723144531,-1.5037437677383423,-1.3312504291534424,-0.8111209869384766,-1.443853497505188,-0.996030867099762,-1.099780797958374,-0.8946965932846069,-1.3596094846725464,-1.4319407939910889
348,Li2P15S19,0.0,-0.5604659914970398,-0.5205555558204651,-0.5279735922813416,-0.6658827066421509,-0.6297849416732788,-0.5955805778503418,-0.5600920915603638,-0.5426720380783081,-0.4924280047416687,-0.5431713461875916
349,Li6C1S4,0.0,-1.0892398357391357,-1.120993733406067,-1.0081160068511963,-1.0659409761428833,-1.1064457893371582,-1.0980441570281982,-1.0954582691192627,-1.12498140335083,-1.0681521892547607,-1.0111885070800781
350,Li17S5O6,0.0,-1.751926302909851,-1.8045711517333984,-1.744084358215332,-1.7791438102722168,-1.7140028476715088,-0.8224090337753296,-1.6972644329071045,-1.678749680519104,-1.1421208381652832,-1.591734528541565
351,Li2Ge19S15,0.0,-0.5698232650756836,-0.5004792213439941,-0.5076415538787842,-0.5982439517974854,-0.6112620830535889,-0.5309851169586182,-0.5151219367980957,-0.507081151008606,-0.44739246368408203,-0.5359921455383301
352,Ba1Li2S6,0.0,-0.9656332731246948,-1.0480666160583496,-1.1378504037857056,-1.0299582481384277,-1.1901508569717407,-1.0279135704040527,-1.0289480686187744,-1.0172324180603027,-0.9889399409294128,-1.1186306476593018
353,Li1C1S2,0.0,-0.5796154737472534,-0.5313873291015625,-0.5521937012672424,-0.72762131690979,-0.6007160544395447,-0.5690097808837891,-0.4392364025115967,-0.5624747276306152,-0.5320761203765869,-0.5409038662910461
354,Li1S5O2,0.0,-0.9551059007644653,-0.9660203456878662,-1.0307810306549072,-1.1154694557189941,-0.951706051826477,-1.0780813694000244,-0.7653169631958008,-1.0163531303405762,-1.0086896419525146,-0.9632706046104431
355,Li17Hg5S6,0.0,-0.6694695949554443,-0.8114302158355713,-0.6944993734359741,-0.8891642689704895,-0.8292155265808105,-0.8979594707489014,-0.8836575746536255,-0.7858023047447205,-0.48010385036468506,-0.3265494108200073
356,Li2Se1S2,0.0,-0.9470713138580322,-0.9447516202926636,-1.00238037109375,-1.0896860361099243,-0.989661455154419,-1.081411361694336,-1.0015497207641602,-0.9850752353668213,-1.047187328338623,-1.0306315422058105
357,Li17P6S5,0.0,-0.826547384262085,-0.9098880290985107,-0.8715270161628723,-0.9323256611824036,-0.892906129360199,-0.8849596381187439,-0.9135180711746216,-0.8811003565788269,-0.9459596872329712,-0.8599950075149536
358,Li4S1,0.0,-0.7961806058883667,-0.8386362195014954,-1.0275630950927734,-0.6821597218513489,-1.0513882637023926,-0.890977144241333,-0.8905150890350342,-0.8490609526634216,-1.1182529926300049,-0.936607837677002
359,Na8Li3S5,0.0,-1.2846460342407227,-1.278282880783081,-1.2487037181854248,-1.2657132148742676,-1.3045064210891724,-1.2286667823791504,-1.2969564199447632,-1.1953048706054688,-1.1560888290405273,-1.2533786296844482
360,Li17Mg6S5,0.0,-0.5345439314842224,-0.7090626358985901,-0.6085624098777771,-0.7791808247566223,-0.6493427753448486,-0.6434636116027832,-0.5978018045425415,-0.7615403532981873,-0.6819624304771423,-0.5104564428329468
361,Li3Sn8S5,0.0,-0.7248203158378601,-0.6494476199150085,-0.6220839619636536,-0.6583760380744934,-0.7770050168037415,-0.6933567523956299,-0.7164589762687683,-0.6276164054870605,-0.5988094210624695,-0.6250483393669128
362,Na19Li2S15,0.0,-0.9180903434753418,-0.8217938542366028,-1.1191964149475098,-1.0256688594818115,-1.0829644203186035,-0.43052804470062256,-1.1307272911071777,-0.923668384552002,-1.0357520580291748,-1.0330069065093994
363,Li2Pb1S6,0.0,-0.6990711092948914,-0.7173090577125549,-0.7636117339134216,-0.7554184198379517,-0.7468916773796082,-0.8519943356513977,-0.6356610059738159,-0.5448391437530518,-0.5038785934448242,-0.7982540726661682
364,Ba5Li3S8,0.0,-1.910780668258667,-1.8810687065124512,-1.9252352714538574,-1.9446465969085693,-1.908522605895996,-1.9596143960952759,-1.9517552852630615,-1.712601661682129,-1.9025661945343018,-1.885794758796692
365,Li1Ca2S1,0.0,-0.9195104837417603,-1.0400257110595703,-0.8107459545135498,-0.9707033634185791,-1.1245306730270386,-0.779699444770813,-0.897306501865387,-1.1183112859725952,-1.0281634330749512,-0.8257337808609009
366,Li17As5S6,0.0,-1.001186490058899,-1.006767988204956,-0.9898366332054138,-1.0929616689682007,-1.0563106536865234,-1.1438930034637451,-1.0902070999145508,-1.054484486579895,-1.0660688877105713,-1.0257656574249268
367,Li1S2F5,0.0,-2.0443670749664307,-2.1613588333129883,-2.1944122314453125,-2.1356842517852783,-2.281175374984741,-2.168987989425659,-2.039669990539551,-2.109308958053589,-2.2283759117126465,-2.043457508087158
368,Li1Si5S2,0.0,-0.4299565553665161,-0.15274429321289062,-0.1644425392150879,-0.42303091287612915,-0.5158898234367371,-0.41554683446884155,-0.370006799697876,-0.45777612924575806,-0.14723336696624756,-0.1839841604232788
369,Li1Ca2S5,0.0,-0.9424965381622314,-1.2512048482894897,-1.3652907609939575,-1.0344396829605103,-1.4231034517288208,-0.580578625202179,-1.2961012125015259,-1.370997428894043,-1.334476351737976,-1.324215292930603
370,Li3Se5S8,0.0,-0.5283452868461609,-0.43323391675949097,-0.525192141532898,-0.5093304514884949,-0.4967765808105469,-0.5081545114517212,-0.41571223735809326,-0.66122967004776,-0.610293447971344,-0.35460805892944336
371,Li1As2S5,0.0,-0.5539664626121521,-0.5436651706695557,-0.5625677704811096,-0.6119971871376038,-0.5876534581184387,-0.6376350522041321,-0.6111767292022705,-0.5788892507553101,-0.6092916131019592,-0.5923216938972473
372,Li2As2S1,0.0,-0.670523464679718,-0.6566030383110046,-0.5743400454521179,-0.7855204343795776,-0.6880636215209961,-0.8025652170181274,-0.7813855409622192,-0.7795317769050598,-0.7187746167182922,-0.646245002746582
373,Li6Cd4S1,0.0,-0.3350081443786621,-0.392372727394104,-0.37225937843322754,-0.5031984448432922,-0.4647577404975891,-0.45890939235687256,-0.3946772813796997,-0.42075079679489136,-0.4651792645454407,-0.35462212562561035
374,Li1Ca1S2,0.0,-1.6939696073532104,-1.6279771327972412,-1.6882474422454834,-1.7257263660430908,-1.655791163444519,-1.450411081314087,-1.7228329181671143,-1.563476800918579,-1.661621332168579,-1.6869374513626099
375,Li3Ca5S8,0.0,-1.8749802112579346,-1.7805671691894531,-1.8759868144989014,-1.8990726470947266,-1.82403564453125,-1.6875897645950317,-1.9022802114486694,-1.686179518699646,-1.841821312904358,-1.8636624813079834
376,Li6C4S1,0.0,-0.14207828044891357,-0.19199120998382568,-0.26714813709259033,-0.286548376083374,-0.4012490510940552,-0.29964447021484375,-0.26407718658447266,-0.2507079839706421,-0.12926959991455078,-0.0479813814163208
377,Li17Ga5S6,0.0,-0.7966680526733398,-0.933195948600769,-0.8848849534988403,-1.0447107553482056,-0.886512041091919,-0.9939450025558472,-0.9323763847351074,-0.9833105802536011,-0.7898567318916321,-0.739831805229187
378,Li2S2N1,0.0,-0.3310093879699707,-0.34723711013793945,-0.23581361770629883,-0.557164192199707,-0.5068405866622925,-0.04190194606781006,-0.18076372146606445,-0.5022948980331421,0.06160104274749756,-0.0140228271484375
379,Li2S1F6,0.0,-2.566636562347412,-2.6095056533813477,-2.626070022583008,-2.60306453704834,-2.640820026397705,-2.6211655139923096,-2.5844874382019043,-2.6167688369750977,-2.607919931411743,-2.647841215133667
380,Li3B5S8,0.0,-0.9400391578674316,-0.9486055374145508,-0.9670294523239136,-1.0041003227233887,-1.0092700719833374,-0.9413210153579712,-0.9649394750595093,-0.937950611114502,-0.976407527923584,-0.9892776012420654
381,Li3S8I5,0.0,-0.5970025658607483,-0.515308678150177,-0.6443023085594177,-0.23220503330230713,-0.6044988036155701,-0.5259705781936646,-0.20992231369018555,-0.5612194538116455,-0.5488156676292419,-0.522515058517456
382,Li11S3,0.0,-0.9146591424942017,-0.9343991279602051,-1.1054308414459229,-0.7624934911727905,-1.142979621887207,-1.000399112701416,-0.9682011604309082,-0.9554922580718994,-1.2109684944152832,-1.035102367401123
383,Li2S6N1,0.0,-0.4030132293701172,-0.2627180814743042,-0.5781469345092773,-0.5881819725036621,-0.4408860206604004,-0.5930382609367371,-0.3565495014190674,-0.534026563167572,-0.22864389419555664,-0.5120377540588379
384,Li17In5S6,0.0,-0.801680326461792,-0.8471850156784058,-0.8185358047485352,-1.0060454607009888,-0.8796393275260925,-0.9674512147903442,-0.9245187640190125,-0.8774827122688293,-0.8143404126167297,-0.9041273593902588
385,Li1Pb5S2,0.0,-0.45627444982528687,-0.38156628608703613,-0.3241302967071533,-0.4504673480987549,-0.530206561088562,-0.39086127281188965,-0.443126916885376,-0.4863887429237366,-0.2436124086380005,-0.4414408802986145
386,Li2Ga1S6,0.0,-0.787263035774231,-0.8584991693496704,-0.8315066695213318,-0.89198899269104,-0.86802077293396,-0.8993437886238098,-0.7226864695549011,-0.5382333993911743,-0.7629327774047852,-0.8462175726890564
387,Li2C1S6,0.0,-0.45645999908447266,-0.6409282684326172,-0.5755476951599121,-0.6847444176673889,-0.5815364718437195,-0.2644507884979248,-0.6572116017341614,-0.422635555267334,-0.07985615730285645,-0.14497721195220947
388,Li2C2S1,0.0,-0.26792728900909424,-0.259743332862854,-0.3123248815536499,-0.35718607902526855,-0.4640352725982666,-0.4804745316505432,-0.46437889337539673,-0.4318937659263611,-0.3806030750274658,-0.24440956115722656
389,Li3Hg5S8,0.0,-0.6054834127426147,-0.43989235162734985,-0.5779454112052917,-0.6428582668304443,-0.6607761383056641,-0.6502708196640015,-0.6410133838653564,-0.5690863728523254,-0.6216390132904053,-0.6500100493431091
390,Ba2Li2S1,0.0,-0.5858966708183289,-0.7226970791816711,-0.7106732130050659,-0.5843307375907898,-1.0293771028518677,-0.7781123518943787,-0.7161345481872559,-0.8306164741516113,-0.8768269419670105,-0.7783353328704834
391,Sr1Li2S2,0.0,-1.8098721504211426,-1.8918132781982422,-1.9408520460128784,-1.8953570127487183,-1.900047779083252,-1.875396966934204,-1.8201839923858643,-1.7760050296783447,-1.8516496419906616,-1.8412699699401855
392,Sr1Li2S6,0.0,-0.9783033132553101,-1.0317156314849854,-1.1140812635421753,-1.0186822414398193,-1.1730071306228638,-1.0158940553665161,-0.9751861095428467,-1.0015778541564941,-1.0098391771316528,-1.0617375373840332
393,Li2Sn19S15,0.0,-0.69512540102005,-0.6041873097419739,-0.6844016313552856,-0.7402167916297913,-0.7504492998123169,-0.5636833906173706,-0.6466480493545532,-0.5891396403312683,-0.6028956174850464,-0.6052903532981873
394,Li3Al8S5,0.0,-0.8255993723869324,-0.8078070878982544,-0.8511684536933899,-1.0132644176483154,-0.9125444889068604,-0.8743869662284851,-0.9236757159233093,-0.9485917091369629,-0.5425442457199097,-0.6266443729400635
395,Li17S6I5,0.0,-1.302201747894287,-1.5085779428482056,-1.3848814964294434,-1.3471930027008057,-1.446382761001587,-1.3700710535049438,-1.3825997114181519,-1.3174123764038086,-1.2821837663650513,-1.3745073080062866
396,Li6Si4S1,0.0,-0.32661402225494385,-0.3412468433380127,-0.3940470218658447,-0.4458053708076477,-0.5141394138336182,-0.42418521642684937,-0.40155649185180664,-0.49253779649734497,-0.5404576063156128,-0.3115917444229126
397,Li17Al5S6,0.0,-0.6771524548530579,-0.9072209596633911,-0.8640905618667603,-1.0694935321807861,-0.8589196801185608,-0.8242220282554626,-0.888603150844574,-0.9793192148208618,-0.8064624071121216,-0.6904841065406799
398,Li6Si1S4,0.0,-1.396317958831787,-1.4123252630233765,-1.3965846300125122,-1.439819097518921,-1.3894330263137817,-1.3924208879470825,-1.3773964643478394,-1.408225417137146,-1.3812922239303589,-1.3796497583389282
399,Li1Zn5S2,0.0,-0.5168355703353882,-0.4782712459564209,-0.35588788986206055,-0.5205705761909485,-0.5965076088905334,-0.4204510450363159,-0.38304877281188965,-0.6306027770042419,-0.3535691499710083,-0.30675995349884033
400,Li1Ca5S2,0.0,-0.8919111490249634,-0.909645676612854,-0.8377702236175537,-0.888029932975769,-1.1379011869430542,-0.3003365993499756,-0.8809517025947571,-0.9972655177116394,-0.7635849118232727,-0.6003264784812927
401,Li2Al1S6,0.0,-0.8565578460693359,-0.9202208518981934,-0.8610146045684814,-0.9792345762252808,-0.968172550201416,-0.9562102556228638,-0.8129082322120667,-0.6919329762458801,-0.9453957080841064,-0.9803929924964905
402,Li2Hg1S2,0.0,-0.9679055213928223,-0.9954988956451416,-0.9751346111297607,-1.0677974224090576,-1.0708966255187988,-1.0168092250823975,-1.0160832405090332,-0.97500079870224,-0.9813702702522278,-1.018326759338379
403,Li2Pb2S1,0.0,-0.515377402305603,-0.4984603524208069,-0.45521384477615356,-0.5843099355697632,-0.7265912890434265,-0.6855207085609436,-0.5922741293907166,-0.6384197473526001,-0.5381841063499451,-0.637792706489563
404,Li6Ca1S4,0.0,-1.6529120206832886,-1.7380647659301758,-1.7505998611450195,-1.675049066543579,-1.7353029251098633,-1.6470341682434082,-1.6794919967651367,-1.6109174489974976,-1.6789343357086182,-1.6991300582885742
405,Li2Hg1S6,0.0,-0.5121173858642578,-0.4950527548789978,-0.5272376537322998,-0.6143083572387695,-0.5783907771110535,-0.658951461315155,-0.5972868800163269,-0.4875866174697876,-0.4853672385215759,-0.7037085890769958
406,Li2S19O15,0.0,-1.2181906700134277,-1.047013759613037,-1.1571944952011108,-1.2556476593017578,-1.1776002645492554,-1.1870278120040894,-1.1477296352386475,-1.1987818479537964,-1.0896862745285034,-1.111187219619751
407,Li2Al2S1,0.0,-0.5107998251914978,-0.6931056380271912,-0.5884918570518494,-0.636294424533844,-0.6582351922988892,-0.6082047820091248,-0.6291163563728333,-0.7320854663848877,-0.5628705620765686,-0.5522799491882324
408,Li1Mg2S1,0.0,-0.6846331357955933,-0.8702383041381836,-0.6037384271621704,-0.8731405735015869,-0.8057624101638794,-0.6948065161705017,-0.6812403202056885,-0.9814426898956299,-0.7648341059684753,-0.5228912234306335
409,Li17Sn5S6,0.0,-0.8219163417816162,-0.9285975694656372,-0.9281995296478271,-0.9935728311538696,-0.9355398416519165,-0.9565502405166626,-0.9461696147918701,-0.9119807481765747,-0.9300916194915771,-0.8138357996940613
410,Li2Ca1S6,0.0,-0.9313126802444458,-0.9837667942047119,-1.045668125152588,-0.9639049768447876,-1.1127097606658936,-0.9601588249206543,-0.9350255727767944,-0.8689039349555969,-0.962422788143158,-1.012032389640808
411,Li2S2O1,0.0,-0.9559067487716675,-1.099822998046875,-1.1817200183868408,-0.8141093850135803,-1.0033777952194214,-1.0246429443359375,-1.1411939859390259,-1.0868020057678223,-0.6016637682914734,-1.021607518196106
412,Li1S5Cl2,0.0,-0.7361223697662354,-0.7541865706443787,-0.8899904489517212,-0.963036060333252,-1.0336419343948364,-0.9537056684494019,-0.697912871837616,-0.9551312923431396,-0.8541601896286011,-0.7973909378051758
413,Li17Si5S6,0.0,-0.6408990621566772,-0.8817533254623413,-0.8302170634269714,-1.0269944667816162,-0.8888630270957947,-0.903944194316864,-0.8484525680541992,-0.9190915822982788,-0.8448056578636169,-0.7438631653785706
414,Li6Cd1S4,0.0,-1.3770698308944702,-1.3769381046295166,-1.3841872215270996,-1.3784734010696411,-1.4749141931533813,-1.3923906087875366,-1.4119778871536255,-1.3504414558410645,-1.3554608821868896,-1.343127965927124
415,Li2S15Cl19,0.0,-0.8498256802558899,-0.678765058517456,-0.7703366875648499,-0.9080826044082642,-0.9285756349563599,-0.8640949726104736,-0.7793379426002502,-1.0075738430023193,-0.8414205312728882,-0.7369025349617004
416,Li1S2N5,0.0,0.24490058422088623,0.06806731224060059,0.08886182308197021,-0.20656538009643555,-0.05192995071411133,0.06984472274780273,0.1562422513961792,-0.12852466106414795,-0.042914390563964844,0.10585343837738037
417,Li17S6Cl5,0.0,-1.6674516201019287,-1.7131259441375732,-1.7456681728363037,-1.6419272422790527,-1.7707703113555908,-1.6235272884368896,-1.7204358577728271,-1.625984787940979,-1.6846301555633545,-1.6472967863082886
418,Li3As8S5,0.0,-0.5712445974349976,-0.55019211769104,-0.5313768982887268,-0.6207562685012817,-0.5842231512069702,-0.5973906517028809,-0.6213224530220032,-0.5993490219116211,-0.5371432304382324,-0.4635886549949646
419,Li2Zn6S1,0.0,-0.32363414764404297,-0.284565806388855,-0.23219287395477295,-0.34755563735961914,-0.37821781635284424,-0.3547220230102539,-0.17953860759735107,-0.3786742687225342,-0.3693286180496216,-0.26044583320617676
420,Li2Te1S6,0.0,-0.6852192878723145,-0.7265641093254089,-0.737381100654602,-0.8102241158485413,-0.6846693158149719,-0.7025474905967712,-0.6988433003425598,-0.6482781767845154,-0.7130211591720581,-0.7413640022277832
421,Li1S1F2,0.0,-1.9440598487854004,-2.1834888458251953,-2.303847312927246,-2.1609160900115967,-2.0875191688537598,-2.213336229324341,-1.8450744152069092,-1.97755765914917,-2.0276098251342773,-2.046052932739258
422,Li2S19N15,0.0,-0.05349266529083252,0.030826330184936523,-0.008306264877319336,-0.06820690631866455,-0.029266834259033203,-0.06213974952697754,0.14808249473571777,-0.25273919105529785,0.035730957984924316,-0.004659891128540039
423,Li11S5,0.0,-1.4454456567764282,-1.4847503900527954,-1.5759940147399902,-1.5716636180877686,-1.6109496355056763,-1.4762288331985474,-1.5013158321380615,-1.433518648147583,-1.5305438041687012,-1.5121546983718872
424,Li1S1I2,0.0,-0.4933217167854309,-0.6254944205284119,-0.5001155734062195,-0.004535794258117676,-0.6323426365852356,-0.5901288986206055,-0.24101805686950684,-0.5931282639503479,-0.24505698680877686,-0.39929115772247314
425,Li2Se2S1,0.0,-0.9275332689285278,-0.9553686380386353,-1.01095449924469,-1.1558386087417603,-1.1336145401000977,-1.0851763486862183,-1.0397930145263672,-0.9755710363388062,-1.082707405090332,-0.922045886516571
426,Li1B2S1,0.0,-0.43222367763519287,-0.5887842774391174,-0.45816391706466675,-0.49173200130462646,-0.6287677884101868,-0.6203975081443787,-0.7213006019592285,-0.5980144143104553,0.12929189205169678,-0.20904266834259033
427,Li2Ga1S2,0.0,-1.2901965379714966,-1.2651002407073975,-1.255942463874817,-1.3039653301239014,-1.3144302368164062,-1.3530387878417969,-1.3762568235397339,-1.2653470039367676,-1.2605667114257812,-1.2896957397460938
428,Li3B8S5,0.0,-0.576603889465332,-0.6982077360153198,-0.5776262879371643,-0.7668365240097046,-0.6620354652404785,-0.6480425000190735,-0.79884272813797,-0.6784971356391907,-0.1515209674835205,-0.23569798469543457
429,Li2In6S1,0.0,-0.3285200595855713,-0.27924108505249023,-0.23272180557250977,-0.34447968006134033,-0.3786822557449341,-0.370585560798645,-0.2785506248474121,-0.325370192527771,-0.2944653034210205,-0.3244283199310303
430,Li2Sn15S19,0.0,-0.7408708333969116,-0.7117582559585571,-0.7889345288276672,-0.8724004626274109,-0.8691956996917725,-0.7060298919677734,-0.7411216497421265,-0.7062509655952454,-0.7859381437301636,-0.7620980143547058
431,Li1Pb2S1,0.0,-0.5406234264373779,-0.4934854507446289,-0.3965209722518921,-0.5652071833610535,-0.6561459898948669,-0.631740152835846,-0.6091977953910828,-0.6500871777534485,-0.4566590189933777,-0.608289897441864
432,Li6Ga1S4,0.0,-1.4191696643829346,-1.4351670742034912,-1.3727993965148926,-1.4154071807861328,-1.3994760513305664,-1.4380327463150024,-1.4336018562316895,-1.3949718475341797,-1.3526113033294678,-1.3849338293075562
433,Li2S1N2,0.0,-0.49396461248397827,-0.4557168483734131,-0.39711880683898926,-0.6449691653251648,-0.6670494079589844,-0.5531843900680542,-0.5580636262893677,-0.5953383445739746,-0.5989028215408325,-0.5238378643989563
434,Li17Pb6S5,0.0,-0.6906657218933105,-0.680626630783081,-0.7326804995536804,-0.8284973502159119,-0.8446097373962402,-0.8610450625419617,-0.7735090851783752,-0.7767627239227295,-0.6942034363746643,-0.7508983016014099
435,Li2Al6S1,0.0,-0.27048981189727783,-0.2887650728225708,-0.26500940322875977,-0.3190462589263916,-0.36044085025787354,-0.34373366832733154,-0.36160409450531006,-0.39087557792663574,-0.07529258728027344,-0.2621227502822876
436,Ba15Li2S19,0.0,-2.062936544418335,-2.0911705493927,-2.0213372707366943,-2.041862726211548,-1.9987692832946777,-2.040175676345825,-2.0009026527404785,-1.8030104637145996,-2.0609865188598633,-2.0090341567993164
437,Li17S5Cl6,0.0,-1.713120698928833,-1.732362985610962,-1.7619130611419678,-1.670324683189392,-1.7947959899902344,-1.615776538848877,-1.766013741493225,-1.6961019039154053,-1.7392699718475342,-1.6807048320770264
